7,20.4,223,0.9,-627.8
7,20.4,222,1,-628.9
6.9,20.4,222,1,-630.1
6.9,20,221,1,-631.2
6.9,20,220,1.1,-632.5
6.8,19.6,219,1.1,-633.7
6.8,19.6,218,1.2,-635
6.8,19.2,217,1.2,-636.4
6.8,19.2,216,1.2,-637.8
6.8,18.8,214,1.3,-639.3
6.8,18.8,213,1.3,-640.8
6.8,18.4,211,1.4,-642.4
6.8,18.4,210,1.4,-644
6.7,18,208,1.5,-645.6
6.7,18,207,1.5,-647.3
6.7,17.6,205,1.6,-649
6.7,17.6,204,1.6,-650.7
6.6,17.2,202,1.7,-652.4
6.6,16.8,201,1.7,-654.1
6.6,16.8,199,1.8,-655.8
6.6,16.8,198,1.9,-657.5
6.6,16.4,196,1.9,-659.2
6.6,16.4,194,2,-660.8
6.6,16,193,2,-662.4
6.6,15.6,191,2.1,-664
6.5,15.6,190,2.2,-665.6
6.5,15.2,188,2.2,-667.2
6.5,15.2,186,2.3,-668.7
6.5,14.8,185,2.4,-670.2
6.5,14.8,183,2.4,-671.6
6.5,14.4,181,2.5,-673
6.5,14,179,2.6,-674.3
6.4,14,177,2.7,-675.5
6.4,13.6,176,2.7,-676.7
6.4,13.2,174,2.8,-677.8
6.4,13.2,172,2.9,-678.8
6.4,12.8,170,2.9,-679.8
6.4,12.8,169,3,-680.7
6.4,12.4,167,3.1,-681.6
6.4,12.4,165,3.2,-682.4
6.4,12,164,3.3,-683.2
6.4,11.6,162,3.3,-683.9
6.3,11.6,160,3.4,-684.7
6.3,11.2,159,3.5,-685.4
6.3,11.2,157,3.6,-686.1
6.3,10.8,155,3.6,-686.7
6.3,10.8,154,3.7,-687.4
6.3,10.4,152,3.8,-688.1
6.2,10,150,3.9,-688.8
6.2,10,149,4,-689.5
6.2,9.6,147,4,-690.2
6.2,9.6,145,4.1,-690.9
6.2,9.2,144,4.2,-691.6
6.2,9.2,142,4.3,-692.3
6.1,8.8,141,4.3,-693
6.1,8.8,139,4.4,-693.6
6.1,8.4,138,4.5,-694.3
6.1,8.4,136,4.6,-694.9
6,8,135,4.6,-695.5
6,8,134,4.7,-696.1
6,7.6,132,4.8,-696.6
5.9,7.6,131,4.9,-697.1
5.9,7.2,129,4.9,-697.6
5.9,7.2,128,5,-698
5.8,6.8,126,5.1,-698.4
5.8,6.8,125,5.1,-698.8
5.8,6.4,123,5.2,-699.2
5.7,6.4,122,5.3,-699.5
5.7,6,121,5.4,-699.8
5.6,6,119,5.4,-700.1
5.6,5.6,118,5.5,-700.3
5.6,5.6,117,5.6,-700.6
5.5,5.6,116,5.6,-700.8
5.5,5.2,114,5.7,-701.1
5.4,5.2,113,5.8,-701.3
5.4,4.8,112,5.8,-701.6
5.3,4.8,111,5.9,-701.8
5.2,4.8,110,6,-702.1
5.2,4.4,109,6,-702.4
5.1,4.4,108,6.1,-702.7
5.1,4.4,106,6.2,-703
5,4,105,6.2,-703.3
4.9,4,104,6.3,-703.7
4.9,3.6,103,6.3,-704
4.8,3.6,102,6.4,-704.4
4.7,3.6,101,6.5,-704.8
4.7,3.2,100,6.5,-705.2
4.6,3.2,99,6.6,-705.6
4.5,3.2,98,6.7,-706
4.5,2.8,97,6.7,-706.4
4.4,2.8,97,6.8,-706.8
4.3,2.8,96,6.8,-707.2
4.3,2.8,95,6.9,-707.6
4.2,2.4,94,7,-708
4.1,2.4,93,7,-708.4
4.1,2.4,93,7.1,-708.7
4,2.4,92,7.1,-709
3.9,2,91,7.2,-709.3
3.9,2,90,7.2,-709.6
3.8,2,90,7.3,-709.8
3.7,2,89,7.4,-710.1
3.6,1.6,88,7.4,-710.3
3.6,1.6,87,7.5,-710.5
3.5,1.6,87,7.5,-710.6
3.5,1.6,86,7.6,-710.8
3.4,1.2,85,7.6,-710.9
3.3,1.2,84,7.7,-711
3.3,1.2,83,7.7,-711.1
3.2,0.8,83,7.8,-711.2
3.1,0.8,82,7.8,-711.2
3.1,0.8,81,7.9,-711.3
3,0.8,80,7.9,-711.4
3,0.4,80,8,-711.4
2.9,0.4,79,8,-711.4
2.9,0.4,78,8.1,-711.5
2.8,0.4,78,8.1,-711.4
2.8,0.4,77,8.2,-711.4
2.7,0,77,8.2,-711.4
2.7,0,76,8.3,-711.4
2.6,0,75,8.3,-711.4
2.6,-0,75,8.4,-711.4
2.5,-0,74,8.4,-711.4
2.5,-0.4,73,8.4,-711.3
2.5,-0.4,73,8.5,-711.3
2.4,-0.4,72,8.5,-711.2
2.4,-0.4,71,8.6,-711.2
2.4,-0.8,70,8.6,-711.1
2.3,-0.8,69,8.7,-711.1
2.3,-0.8,69,8.7,-711
2.2,-1.2,68,8.7,-711
2.2,-1.2,67,8.8,-710.9
2.2,-1.2,66,8.8,-710.9
2.1,-1.2,66,8.8,-710.9
2.1,-1.6,65,8.9,-710.8
2.1,-1.6,64,8.9,-710.8
2,-1.6,64,9,-710.8
2,-1.6,63,9,-710.7
2,-1.6,62,9,-710.7
2,-2,61,9.1,-710.6
2,-2,61,9.1,-710.6
2,-2,60,9.1,-710.5
2,-2.4,59,9.2,-710.5
2,-2.4,59,9.2,-710.4
2,-2.4,58,9.2,-710.3
2,-2.4,58,9.3,-710.2
2,-2.4,57,9.3,-710.1
2,-2.4,56,9.3,-710
2,-2.8,56,9.4,-709.8
2,-2.8,55,9.4,-709.7
2,-2.8,54,9.4,-709.5
2,-2.8,54,9.5,-709.3
2.1,-3.2,53,9.5,-709.1
2.1,-3.2,53,9.5,-708.8
2.1,-3.2,52,9.5,-708.5
2.1,-3.2,52,9.6,-708.3
2.1,-3.2,51,9.6,-707.9
2.1,-3.2,51,9.6,-707.6
2.1,-3.6,50,9.7,-707.3
2.1,-3.6,50,9.7,-706.9
2.2,-3.6,49,9.7,-706.5
2.2,-3.6,49,9.7,-706.1
2.2,-3.6,48,9.7,-705.6
2.2,-3.6,48,9.8,-705.2
2.3,-4,47,9.8,-704.7
2.3,-4,47,9.8,-704.3
2.3,-4,47,9.8,-703.8
2.3,-4,47,9.8,-703.4
2.4,-4,46,9.9,-702.9
2.4,-4,46,9.9,-702.4
2.4,-4,46,9.9,-701.9
2.4,-4,46,9.9,-701.4
2.4,-4,46,9.9,-700.9
2.5,-4,46,9.9,-700.3
2.5,-4,46,9.9,-699.8
2.5,-4,46,9.9,-699.3
2.5,-4,46,9.9,-698.7
2.5,-4,46,9.9,-698.1
2.6,-4,46,10,-697.5
2.6,-4,47,10,-696.9
2.6,-4,47,10,-696.3
2.7,-4,47,10,-695.7
2.7,-3.6,48,10,-695.1
2.7,-3.6,48,10,-694.5
2.7,-3.6,48,10,-693.8
2.7,-3.6,49,10,-693.2
2.7,-3.6,49,10,-692.6
2.7,-3.6,50,10,-692
2.7,-3.6,50,10,-691.5
2.7,-3.2,51,10,-690.9
2.8,-3.2,52,10,-690.4
2.8,-3.2,52,10,-689.8
2.8,-3.2,53,10,-689.3
2.8,-2.8,54,10,-688.7
2.8,-2.8,55,10,-688.2
2.8,-2.8,56,10,-687.7
2.8,-2.4,56,10,-687.2
2.8,-2.4,57,10,-686.7
2.8,-2.4,58,10,-686.3
2.8,-2.4,59,10,-685.9
2.8,-2,60,10,-685.4
2.8,-2,61,10,-685
2.8,-2,62,10,-684.6
2.8,-1.6,63,9.9,-684.3
2.9,-1.6,64,9.9,-683.9
2.9,-1.6,65,9.9,-683.6
2.9,-1.2,66,9.9,-683.3
2.9,-1.2,66,9.9,-683
2.9,-1.2,67,9.9,-682.8
2.9,-0.8,68,9.9,-682.6
2.9,-0.8,69,9.9,-682.5
2.9,-0.8,70,9.9,-682.4
2.9,-0.4,71,9.8,-682.3
2.9,-0.4,72,9.8,-682.2
2.9,-0.4,73,9.8,-682.2
2.9,-0,74,9.8,-682.3
2.9,-0,75,9.8,-682.3
3,0,76,9.7,-682.4
3,0.4,77,9.7,-682.5
3,0.4,78,9.7,-682.6
2.9,0.4,79,9.7,-682.8
2.9,0.8,80,9.7,-683
2.9,0.8,81,9.6,-683.2
2.9,0.8,81,9.6,-683.5
2.9,0.8,82,9.6,-683.7
2.9,1.2,83,9.5,-684
2.9,1.2,84,9.5,-684.2
2.9,1.2,84,9.5,-684.5
2.9,1.2,85,9.5,-684.8
2.9,1.6,85,9.4,-685.1
2.9,1.6,86,9.4,-685.5
2.9,1.6,86,9.4,-685.9
2.9,1.6,86,9.3,-686.2
2.9,1.6,87,9.3,-686.6
2.9,1.6,87,9.3,-687.1
2.9,1.6,87,9.2,-687.5
2.8,1.6,86,9.2,-688
2.8,1.6,86,9.2,-688.6
2.8,1.6,86,9.1,-689.1
2.8,1.6,85,9.1,-689.7
2.7,1.2,84,9,-690.4
2.7,1.2,84,9,-691.1
2.7,1.2,83,9,-691.8
2.6,0.8,82,8.9,-692.5
2.6,0.8,81,8.9,-693.3
2.6,0.8,80,8.9,-694.1
2.5,0.4,79,8.8,-694.9
2.5,0.4,78,8.8,-695.8
2.4,0.4,77,8.7,-696.7
2.4,-0,75,8.7,-697.6
2.3,-0,74,8.7,-698.5
2.3,-0.4,72,8.6,-699.4
2.2,-0.4,71,8.6,-700.2
2.1,-0.8,69,8.5,-701.1
2,-1.2,67,8.5,-701.9
2,-1.2,65,8.5,-702.7
1.9,-1.6,64,8.4,-703.4
1.8,-2,62,8.4,-704.1
1.7,-2,60,8.3,-704.8
1.6,-2.4,58,8.3,-705.3
1.5,-2.8,56,8.2,-705.9
1.4,-2.8,54,8.2,-706.3
1.3,-3.2,51,8.2,-706.7
1.2,-3.6,49,8.1,-707
1.1,-3.6,47,8.1,-707.2
1,-4,45,8,-707.3
0.9,-4.4,42,8,-707.3
0.8,-4.8,40,7.9,-707.2
0.7,-5.2,37,7.9,-707.1
0.6,-5.6,35,7.8,-706.8
0.4,-6,32,7.8,-706.5
0.3,-6.4,29,7.7,-706.1
0.2,-6.8,27,7.7,-705.6
0.1,-6.8,24,7.6,-705
-0.1,-7.2,22,7.6,-704.3
-0.2,-7.6,19,7.5,-703.5
-0.4,-8,16,7.4,-702.7
-0.5,-8.4,13,7.4,-701.9
-0.7,-8.8,11,7.3,-701
-0.8,-9.2,8,7.3,-700.1
-1,-9.6,5,7.2,-699.1
-1.1,-10,2,7.2,-698.1
-1.3,-10.4,-1,7.1,-697.1
-1.4,-10.8,-3,7.1,-696.2
-1.6,-11.2,-6,7,-695.2
-1.7,-11.6,-9,6.9,-694.2
-1.9,-12,-11,6.9,-693.2
-2.1,-12,-14,6.8,-692.1
-2.2,-12.4,-16,6.8,-691.1
-2.4,-12.8,-18,6.7,-690.1
-2.5,-13.2,-21,6.6,-689
-2.7,-13.2,-23,6.6,-688
-2.8,-13.6,-25,6.5,-686.9
-3,-14,-27,6.4,-685.7
-3.1,-14.4,-29,6.4,-684.5
-3.3,-14.8,-31,6.3,-683.1
-3.4,-14.8,-33,6.3,-681.7
-3.6,-15.2,-35,6.2,-680.1
-3.7,-15.6,-37,6.1,-678.5
-3.8,-15.6,-38,6.1,-676.6
-4,-15.6,-40,6,-674.7
-4.1,-16,-41,5.9,-672.5
-4.2,-16,-42,5.9,-670.2
-4.4,-16.4,-44,5.8,-667.7
-4.5,-16.4,-45,5.7,-665
-4.6,-16.4,-45,5.7,-662.1
-4.7,-16.8,-46,5.6,-659
-4.8,-16.8,-47,5.5,-655.8
-4.9,-16.8,-47,5.5,-652.4
-5.1,-16.8,-48,5.4,-648.9
-5.2,-16.8,-48,5.3,-645.3
-5.3,-17.2,-48,5.2,-641.6
-5.3,-17.2,-49,5.2,-637.9
-5.4,-16.8,-49,5.1,-634.1
-5.5,-16.8,-49,5,-630.3
-5.6,-16.8,-48,5,-626.6
-5.7,-16.8,-48,4.9,-622.9
-5.8,-16.8,-48,4.8,-619.3
-5.8,-16.8,-48,4.7,-615.8
-5.9,-16.8,-47,4.7,-612.5
-6,-16.8,-47,4.6,-609.3
-6,-16.8,-46,4.5,-606.3
-6.1,-16.4,-46,4.4,-603.6
-6.1,-16.4,-45,4.4,-601
-6.2,-16.4,-44,4.3,-598.7
-6.2,-16,-43,4.2,-596.6
-6.3,-16,-42,4.1,-594.8
-6.3,-16,-41,4.1,-593.2
-6.4,-15.6,-40,4,-591.9
-6.4,-15.6,-39,3.9,-590.7
-6.5,-15.6,-38,3.8,-589.8
-6.5,-15.2,-37,3.8,-589.2
-6.5,-15.2,-35,3.7,-588.7
-6.6,-14.8,-34,3.6,-588.4
-6.6,-14.8,-32,3.5,-588.2
-6.6,-14.4,-31,3.5,-588.2
-6.7,-14.4,-29,3.4,-588.3
-6.7,-14,-27,3.3,-588.5
-6.7,-13.6,-26,3.2,-588.8
-6.7,-13.6,-24,3.1,-589.1
-6.8,-13.2,-22,3.1,-589.4
-6.8,-13.2,-21,3,-589.7
-6.8,-12.8,-19,2.9,-589.9
-6.9,-12.4,-17,2.8,-590.2
-6.9,-12.4,-15,2.7,-590.3
-6.9,-12,-14,2.7,-590.4
-7,-12,-12,2.6,-590.4
-7,-11.6,-10,2.5,-590.3
-7,-11.6,-9,2.4,-590
-7,-11.2,-7,2.3,-589.7
-7.1,-10.8,-5,2.3,-589.2
-7.1,-10.8,-3,2.2,-588.6
-7.1,-10.4,-1,2.1,-588
-7.2,-10,1,2,-587.2
-7.2,-10,3,1.9,-586.3
-7.2,-9.6,5,1.9,-585.4
-7.3,-9.2,7,1.8,-584.3
-7.3,-9.2,9,1.7,-583.2
-7.4,-8.8,10,1.6,-582.1
-7.4,-8.4,12,1.5,-580.9
-7.5,-8.4,14,1.5,-579.6
-7.5,-8,16,1.4,-578.3
-7.5,-7.6,18,1.3,-577
-7.6,-7.6,20,1.2,-575.6
-7.6,-7.2,22,1.1,-574.3
-7.7,-7.2,24,1,-573
-7.7,-6.8,26,1,-571.7
-7.7,-6.4,28,0.9,-570.4
-7.8,-6.4,30,0.8,-569.2
-7.8,-6,32,0.7,-568
-7.8,-5.6,34,0.6,-566.8
-7.9,-5.2,36,0.5,-565.6
-7.9,-5.2,38,0.5,-564.5
-8,-4.8,40,0.4,-563.5
-8,-4.8,42,0.3,-562.5
-8,-4.4,44,0.2,-561.5
-8.1,-4,46,0.1,-560.7
-8.1,-3.6,48,0,-559.8
-8.1,-3.6,50,-0,-559.1
-8.2,-3.2,52,-0.1,-558.3
-8.2,-2.8,54,-0.2,-557.7
-8.2,-2.4,57,-0.3,-557.1
-8.2,-2.4,59,-0.4,-556.5
-8.2,-2,61,-0.4,-556.1
-8.2,-1.6,63,-0.5,-555.6
-8.2,-1.2,66,-0.6,-555.2
-8.2,-1.2,68,-0.7,-554.9
-8.2,-0.8,70,-0.8,-554.6
-8.3,-0.4,72,-0.9,-554.3
-8.3,-0,75,-0.9,-554.1
-8.3,0.4,77,-1,-554
-8.3,0.8,79,-1.1,-553.8
-8.3,0.8,81,-1.2,-553.8
-8.3,1.2,83,-1.3,-553.8
-8.2,1.2,86,-1.3,-553.8
-8.2,1.6,88,-1.4,-553.9
-8.2,2,90,-1.5,-554.1
-8.2,2.4,92,-1.6,-554.3
-8.1,2.4,94,-1.7,-554.6
-8.1,2.8,96,-1.8,-555
-8.1,3.2,98,-1.8,-555.4
-8,3.6,100,-1.9,-555.9
-8,3.6,102,-2,-556.4
-8,4,104,-2.1,-557.1
-7.9,4.4,106,-2.2,-557.8
-7.8,4.4,107,-2.2,-558.6
-7.7,4.8,109,-2.3,-559.5
-7.7,4.8,111,-2.4,-560.5
-7.6,5.2,112,-2.5,-561.5
-7.5,5.2,113,-2.6,-562.7
-7.4,5.2,115,-2.6,-563.9
-7.4,5.6,116,-2.7,-565.3
-7.3,5.6,117,-2.8,-566.6
-7.2,6,118,-2.9,-568.1
-7.2,6,120,-3,-569.5
-7.1,6.4,121,-3,-571.1
-7,6.4,122,-3.1,-572.6
-6.9,6.4,123,-3.2,-574.2
-6.8,6.8,124,-3.3,-575.8
-6.7,6.8,125,-3.3,-577.5
-6.6,6.8,126,-3.4,-579.1
-6.4,6.8,126,-3.5,-580.8
-6.3,7.2,127,-3.6,-582.4
-6.2,7.2,128,-3.7,-584
-6.1,7.2,129,-3.7,-585.6
-5.9,7.2,130,-3.8,-587.1
-5.8,7.6,130,-3.9,-588.5
-5.7,7.6,131,-4,-589.9
-5.6,7.6,132,-4,-591.3
-5.4,8,132,-4.1,-592.6
-5.3,8,133,-4.2,-593.8
-5.2,8,133,-4.3,-594.9
-5.1,8,134,-4.3,-596
-4.9,8,134,-4.4,-596.9
-4.8,8,134,-4.5,-597.7
-4.7,8,135,-4.6,-598.4
-4.6,8,135,-4.6,-599
-4.5,8,135,-4.7,-599.6
-4.3,8,135,-4.8,-599.9
-4.2,8.4,136,-4.9,-600.2
-4.1,8.4,136,-4.9,-600.5
-4,8.4,136,-5,-600.7
-3.9,8.4,137,-5.1,-600.9
-3.8,8.4,137,-5.1,-601
-3.7,8.4,137,-5.2,-600.9
-3.6,8.4,137,-5.3,-600.7
-3.5,8.4,137,-5.4,-600.4
-3.3,8.4,137,-5.4,-600.1
-3.2,8.4,137,-5.5,-599.7
-3.1,8.4,137,-5.6,-599.4
-3,8.4,137,-5.6,-599
-2.9,8.4,137,-5.7,-598.6
-2.8,8.4,137,-5.8,-598.2
-2.7,8.4,137,-5.8,-597.9
-2.6,8.4,137,-5.9,-597.6
-2.5,8.4,137,-6,-597.4
-2.4,8.4,137,-6,-597.1
-2.3,8.4,137,-6.1,-597
-2.3,8.4,137,-6.2,-596.8
-2.2,8.4,137,-6.2,-596.8
-2.1,8.4,137,-6.3,-596.9
-2,8.4,137,-6.3,-597
-2,8.4,137,-6.4,-597.3
-1.9,8.4,137,-6.5,-597.6
-1.8,8.4,137,-6.5,-598.1
-1.7,8.4,137,-6.6,-598.7
-1.7,8.4,137,-6.7,-599.5
-1.6,8.4,137,-6.7,-600.3
-1.6,8.4,137,-6.8,-601.3
-1.5,8.4,137,-6.8,-602.4
-1.5,8.4,137,-6.9,-603.6
-1.4,8.4,137,-7,-604.9
-1.3,8.4,137,-7,-606.3
-1.3,8.4,137,-7.1,-607.8
-1.2,8.4,136,-7.1,-609.3
-1.1,8.4,136,-7.2,-610.9
-1.1,8.4,136,-7.2,-612.5
-1,8,135,-7.3,-614.2
-1,8,135,-7.4,-615.8
-0.9,8,134,-7.4,-617.5
-0.9,8,134,-7.5,-619.1
-0.8,8,133,-7.5,-620.7
-0.7,8,132,-7.6,-622.3
-0.7,7.6,132,-7.6,-623.8
-0.6,7.6,131,-7.7,-625.2
-0.6,7.6,130,-7.7,-626.6
-0.5,7.2,129,-7.8,-627.9
-0.5,7.2,128,-7.8,-629.2
-0.4,7.2,127,-7.9,-630.4
-0.3,6.8,126,-7.9,-631.5
-0.3,6.8,124,-8,-632.6
-0.2,6.4,123,-8,-633.5
-0.1,6.4,122,-8.1,-634.4
-0.1,6,120,-8.1,-635.4
-0,6,119,-8.2,-636.4
0.1,5.6,117,-8.2,-637.4
0.1,5.6,116,-8.3,-638.3
0.2,5.2,114,-8.3,-639.3
0.2,5.2,113,-8.4,-640.1
0.3,4.8,111,-8.4,-641
0.4,4.8,109,-8.4,-641.7
0.5,4.4,107,-8.5,-642.4
0.5,4,105,-8.5,-643.1
0.6,4,104,-8.6,-643.8
0.7,3.6,102,-8.6,-644.4
0.8,3.2,100,-8.7,-645
0.9,3.2,98,-8.7,-645.5
0.9,2.8,96,-8.7,-646
1,2.4,94,-8.8,-646.4
1.1,2,91,-8.8,-646.7
1.2,2,89,-8.8,-647
1.3,1.6,87,-8.9,-647.1
1.4,1.2,85,-8.9,-647.2
1.5,1.2,83,-9,-647.2
1.5,0.8,81,-9,-647.1
1.6,0.4,79,-9,-646.9
1.7,0.4,77,-9.1,-646.6
1.8,-0,75,-9.1,-646.3
1.9,-0.4,72,-9.1,-645.9
1.9,-0.8,70,-9.2,-645.4
2,-1.2,68,-9.2,-644.9
2.1,-1.2,66,-9.2,-644.3
2.2,-1.6,64,-9.3,-643.7
2.3,-2,62,-9.3,-643.1
2.4,-2,59,-9.3,-642.4
2.5,-2.4,57,-9.4,-641.7
2.5,-2.8,55,-9.4,-641
2.6,-3.2,53,-9.4,-640.3
2.7,-3.2,51,-9.5,-639.6
2.8,-3.6,49,-9.5,-638.9
2.9,-4,46,-9.5,-638.2
2.9,-4.4,44,-9.5,-637.6
3,-4.4,42,-9.6,-637
3.1,-4.8,40,-9.6,-636.4
3.2,-5.2,37,-9.6,-635.9
3.3,-5.6,35,-9.7,-635.4
3.4,-5.6,33,-9.7,-635
3.5,-6,30,-9.7,-634.5
3.5,-6.4,28,-9.7,-634.1
3.6,-6.8,25,-9.7,-633.7
3.7,-7.2,23,-9.8,-633.3
3.8,-7.6,20,-9.8,-632.9
3.9,-8,18,-9.8,-632.4
4,-8,15,-9.8,-632
4,-8.4,13,-9.8,-631.5
4.1,-8.8,10,-9.9,-631.1
4.2,-9.2,8,-9.9,-630.6
4.3,-9.6,6,-9.9,-630.1
4.3,-10,3,-9.9,-629.5
4.4,-10.4,1,-9.9,-628.9
4.5,-10.4,-1,-9.9,-628.3
4.6,-10.8,-3,-9.9,-627.7
4.6,-11.2,-5,-9.9,-627.1
4.7,-11.2,-7,-9.9,-626.4
4.8,-11.6,-9,-9.9,-625.7
4.9,-11.6,-11,-10,-624.9
4.9,-12,-13,-10,-624.2
5,-12.4,-15,-10,-623.4
5.1,-12.4,-16,-10,-622.6
5.2,-12.8,-18,-10,-621.7
5.2,-12.8,-20,-10,-620.8
5.3,-13.2,-22,-10,-619.8
5.4,-13.6,-23,-10,-618.8
5.4,-13.6,-25,-10,-617.7
5.5,-14,-27,-10,-616.6
5.5,-14,-29,-10,-615.5
5.5,-14.4,-30,-10,-614.3
5.6,-14.8,-32,-10,-613.1
5.6,-14.8,-33,-10,-611.8
5.7,-15.2,-35,-10,-610.4
5.7,-15.2,-36,-10,-609
5.7,-15.6,-38,-10,-607.5
5.8,-15.6,-39,-10,-606
5.8,-15.6,-40,-10,-604.4
5.8,-16,-42,-10,-602.8
5.8,-16,-43,-10,-601.2
5.9,-16.4,-44,-10,-599.5
5.9,-16.4,-45,-10,-597.8
5.9,-16.8,-46,-10,-596
6,-16.8,-47,-10,-594.3
6,-16.8,-48,-9.9,-592.4
6,-16.8,-49,-9.9,-590.6
6,-17.2,-49,-9.9,-588.8
6,-17.2,-50,-9.9,-586.9
6,-17.2,-50,-9.9,-585
6,-17.2,-50,-9.9,-583.1
6,-17.2,-51,-9.9,-581.3
6,-17.2,-51,-9.9,-579.4
6,-17.2,-51,-9.9,-577.5
6,-17.2,-51,-9.8,-575.7
6,-17.2,-51,-9.8,-573.8
6,-17.2,-51,-9.8,-572
6,-17.2,-51,-9.8,-570.1
6,-17.2,-50,-9.8,-568.1
6,-17.2,-50,-9.7,-566.2
6,-17.2,-49,-9.7,-564.2
5.9,-16.8,-49,-9.7,-562.2
5.9,-16.8,-48,-9.7,-560.1
5.9,-16.8,-47,-9.7,-557.9
5.9,-16.8,-47,-9.6,-555.7
5.9,-16.4,-46,-9.6,-553.3
5.9,-16.4,-45,-9.6,-550.9
5.9,-16.4,-44,-9.5,-548.4
5.9,-16,-42,-9.5,-545.8
5.9,-16,-41,-9.5,-543
5.9,-15.6,-40,-9.5,-540.2
5.9,-15.6,-38,-9.4,-537.3
5.8,-15.2,-37,-9.4,-534.3
5.8,-15.2,-36,-9.4,-531.3
5.9,-14.8,-34,-9.3,-528.1
5.8,-14.8,-33,-9.3,-525
5.8,-14.4,-31,-9.3,-521.8
5.8,-14.4,-30,-9.2,-518.7
5.8,-14,-28,-9.2,-515.6
5.8,-14,-27,-9.2,-512.6
5.8,-13.6,-25,-9.1,-509.6
5.8,-13.6,-24,-9.1,-506.8
5.8,-13.2,-22,-9,-504.2
5.8,-13.2,-21,-9,-501.7
5.9,-12.8,-19,-9,-499.5
5.9,-12.8,-18,-8.9,-497.5
5.9,-12.4,-16,-8.9,-495.7
5.9,-12.4,-15,-8.9,-494.2
5.9,-12,-13,-8.8,-492.8
5.9,-11.6,-11,-8.8,-491.8
5.9,-11.6,-10,-8.7,-490.9
5.9,-11.2,-8,-8.7,-490.3
5.9,-11.2,-7,-8.7,-489.9
5.9,-10.8,-6,-8.6,-489.6
6,-10.8,-4,-8.6,-489.5
6,-10.8,-3,-8.5,-489.6
6,-10.4,-2,-8.5,-489.8
6,-10.4,-1,-8.5,-490
6,-10,0,-8.4,-490.3
6.1,-10,1,-8.4,-490.7
6.1,-10,2,-8.3,-491.1
6.1,-10,3,-8.3,-491.5
6.2,-9.6,3,-8.2,-491.9
6.2,-9.6,4,-8.2,-492.3
6.3,-9.6,5,-8.1,-492.7
6.3,-9.6,5,-8.1,-493
6.3,-9.6,6,-8,-493.3
6.4,-9.2,6,-8,-493.5
6.4,-9.2,6,-7.9,-493.7
6.4,-9.2,6,-7.9,-493.8
6.5,-9.2,6,-7.8,-493.8
6.5,-9.2,6,-7.8,-493.8
6.6,-9.2,6,-7.7,-493.8
6.6,-9.6,5,-7.7,-493.7
6.6,-9.6,5,-7.6,-493.6
6.7,-9.6,4,-7.6,-493.4
6.7,-9.6,3,-7.5,-493.1
6.8,-10,2,-7.5,-492.8
6.8,-10,1,-7.4,-492.5
6.8,-10,0,-7.4,-492.1
6.9,-10.4,-1,-7.3,-491.8
6.9,-10.4,-2,-7.3,-491.4
7,-10.8,-4,-7.2,-491
7,-10.8,-5,-7.1,-490.6
7,-11.2,-7,-7.1,-490.1
7.1,-11.2,-8,-7,-489.7
7.1,-11.6,-10,-7,-489.2
7.2,-11.6,-12,-6.9,-488.7
7.3,-12,-14,-6.8,-488.1
7.3,-12.4,-15,-6.8,-487.6
7.4,-12.8,-17,-6.7,-487
7.5,-12.8,-19,-6.7,-486.3
7.5,-13.2,-21,-6.6,-485.7
7.5,-13.2,-24,-6.5,-485
7.6,-13.6,-26,-6.5,-484.2
7.7,-14,-28,-6.4,-483.4
7.7,-14.4,-30,-6.4,-482.5
7.7,-14.8,-33,-6.3,-481.6
7.8,-15.2,-35,-6.2,-480.6
7.8,-15.2,-37,-6.2,-479.5
7.9,-15.6,-39,-6.1,-478.4
7.9,-16,-42,-6,-477.2
8,-16.4,-44,-6,-475.9
8,-16.4,-46,-5.9,-474.5
8.1,-16.8,-48,-5.8,-473.1
8.1,-17.2,-51,-5.8,-471.5
8.1,-17.6,-53,-5.7,-469.9
8.2,-17.6,-55,-5.6,-468.2
8.2,-18,-57,-5.6,-466.4
8.3,-18.4,-60,-5.5,-464.5
8.3,-18.8,-62,-5.4,-462.6
8.4,-19.2,-64,-5.4,-460.6
8.4,-19.2,-66,-5.3,-458.5
8.5,-19.6,-68,-5.2,-456.3
8.5,-19.6,-70,-5.1,-454.1
8.5,-20,-72,-5.1,-451.8
8.5,-20.4,-74,-5,-449.5
8.6,-20.4,-75,-4.9,-447.2
8.6,-20.8,-77,-4.9,-444.8
8.6,-21.2,-79,-4.8,-442.4
8.7,-21.2,-81,-4.7,-439.9
8.7,-21.6,-83,-4.6,-437.4
8.7,-21.6,-85,-4.6,-435
8.7,-22,-87,-4.5,-432.5
8.8,-22.4,-89,-4.4,-430
8.8,-22.8,-90,-4.4,-427.5
8.8,-22.8,-92,-4.3,-425
8.8,-23.2,-93,-4.2,-422.5
8.8,-23.2,-95,-4.1,-420.1
8.9,-23.6,-96,-4.1,-417.6
8.9,-23.6,-98,-4,-415.2
8.9,-23.6,-99,-3.9,-412.8
8.9,-24,-100,-3.8,-410.4
8.9,-24,-101,-3.8,-408
8.9,-24,-101,-3.7,-405.7
9,-24.4,-102,-3.6,-403.4
9,-24.4,-103,-3.5,-401.1
9,-24.4,-104,-3.4,-398.8
9,-24.4,-104,-3.4,-396.5
9.1,-24.4,-105,-3.3,-394.3
9.1,-24.4,-105,-3.2,-392
9.1,-24.8,-105,-3.1,-389.7
9.2,-24.8,-105,-3.1,-387.4
9.2,-24.8,-105,-3,-385.1
9.2,-24.8,-105,-2.9,-382.8
9.2,-24.8,-105,-2.8,-380.5
9.3,-24.4,-105,-2.7,-378.1
9.3,-24.4,-105,-2.7,-375.8
9.3,-24.4,-104,-2.6,-373.4
9.3,-24.4,-104,-2.5,-371
9.4,-24.4,-103,-2.4,-368.6
9.4,-24.4,-103,-2.3,-366.2
9.4,-24.4,-102,-2.3,-363.8
9.4,-24,-101,-2.2,-361.4
9.4,-24,-100,-2.1,-359
9.4,-23.6,-100,-2,-356.6
9.4,-23.6,-99,-1.9,-354.3
9.4,-23.6,-98,-1.9,-351.9
9.4,-23.6,-97,-1.8,-349.6
9.4,-23.2,-96,-1.7,-347.3
9.4,-23.2,-94,-1.6,-345.1
9.4,-22.8,-93,-1.5,-342.9
9.4,-22.8,-92,-1.5,-340.7
9.4,-22.8,-91,-1.4,-338.6
9.4,-22.4,-90,-1.3,-336.6
9.4,-22.4,-88,-1.2,-334.6
9.4,-22,-87,-1.1,-332.6
9.4,-22,-86,-1,-330.7
9.4,-21.6,-84,-1,-328.9
9.4,-21.6,-83,-0.9,-327.1
9.3,-21.2,-81,-0.8,-325.4
9.3,-21.2,-80,-0.7,-323.7
9.3,-20.8,-78,-0.6,-322
9.3,-20.8,-77,-0.5,-320.4
9.2,-20.4,-75,-0.5,-318.9
9.2,-20.4,-73,-0.4,-317.3
9.1,-20,-71,-0.3,-315.8
9.1,-19.6,-69,-0.2,-314.2
9.1,-19.6,-68,-0.1,-312.7
9,-19.2,-66,-0,-311.2
9,-18.8,-64,0,-309.7
8.9,-18.8,-62,0.1,-308.1
8.9,-18.4,-59,0.2,-306.6
8.8,-18,-57,0.3,-305
8.7,-17.6,-55,0.4,-303.4
8.7,-17.6,-53,0.4,-301.9
8.6,-17.2,-51,0.5,-300.2
8.5,-16.8,-49,0.6,-298.6
8.5,-16.4,-46,0.7,-296.9
8.4,-16.4,-44,0.8,-295.3
8.3,-16,-42,0.9,-293.6
8.2,-15.6,-39,0.9,-291.9
8.1,-15.2,-37,1,-290.1
8,-14.8,-35,1.1,-288.4
7.9,-14.8,-32,1.2,-286.6
7.8,-14.4,-30,1.3,-284.9
7.7,-14,-28,1.3,-283.2
7.6,-13.6,-25,1.4,-281.5
7.4,-13.2,-23,1.5,-279.9
7.3,-13.2,-20,1.6,-278.2
7.2,-12.8,-18,1.7,-276.6
7.1,-12.4,-15,1.8,-275.1
6.9,-12,-13,1.8,-273.6
6.8,-11.6,-11,1.9,-272.1
6.7,-11.2,-8,2,-270.7
6.5,-10.8,-6,2.1,-269.5
6.3,-10.8,-3,2.2,-268.2
6.2,-10.4,-1,2.2,-267.1
6,-10,2,2.3,-266
5.8,-9.6,4,2.4,-265.1
5.7,-9.2,6,2.5,-264.3
5.5,-9.2,8,2.6,-263.5
5.3,-8.8,11,2.6,-262.9
5.2,-8.4,13,2.7,-262.4
5,-8,15,2.8,-262.1
4.8,-8,17,2.9,-261.8
4.6,-7.6,19,3,-261.6
4.4,-7.2,22,3,-261.6
4.3,-7.2,24,3.1,-261.7
4.1,-6.8,26,3.2,-261.9
3.9,-6.4,28,3.3,-262.2
3.7,-6,30,3.3,-262.5
3.5,-5.6,32,3.4,-263
3.3,-5.6,35,3.5,-263.5
3.1,-5.2,37,3.6,-264
3,-4.8,39,3.7,-264.6
2.8,-4.8,41,3.7,-265.2
2.6,-4.4,43,3.8,-265.7
2.4,-4,44,3.9,-266.3
2.3,-4,46,4,-266.8
2.1,-3.6,48,4,-267.2
1.9,-3.6,50,4.1,-267.6
1.7,-3.2,52,4.2,-267.9
1.5,-2.8,53,4.3,-268.1
1.4,-2.8,55,4.3,-268.2
1.2,-2.4,57,4.4,-268.3
1,-2.4,58,4.5,-268.2
0.8,-2,60,4.6,-268
0.6,-1.6,61,4.6,-267.8
0.4,-1.6,63,4.7,-267.5
0.3,-1.6,64,4.8,-267.1
0.1,-1.2,65,4.9,-266.6
-0,-1.2,67,4.9,-266.1
-0.2,-1.2,68,5,-265.6
-0.3,-0.8,69,5.1,-265
-0.5,-0.8,70,5.1,-264.4
-0.6,-0.4,71,5.2,-263.7
-0.8,-0.4,73,5.3,-263.1
-0.9,-0,74,5.4,-262.5
-1.1,0,75,5.4,-262
-1.2,0,76,5.5,-261.4
-1.3,0.4,77,5.6,-261
-1.4,0.4,78,5.6,-260.5
-1.5,0.4,79,5.7,-260.2
-1.6,0.8,80,5.8,-259.9
-1.7,0.8,81,5.8,-259.7
-1.8,0.8,82,5.9,-259.6
-1.9,0.8,83,6,-259.5
-2,1.2,84,6,-259.6
-2.1,1.2,85,6.1,-259.8
-2.2,1.6,86,6.2,-260
-2.3,1.6,87,6.2,-260.3
-2.4,1.6,88,6.3,-260.6
-2.5,1.6,89,6.3,-261.1
-2.5,2,90,6.4,-261.6
-2.6,2,91,6.5,-262.1
-2.7,2.4,92,6.5,-262.7
-2.8,2.4,93,6.6,-263.3
-2.8,2.8,93,6.7,-264
-2.9,2.8,94,6.7,-264.6
-2.9,2.8,95,6.8,-265.3
-3,2.8,95,6.8,-266.1
-3.1,2.8,96,6.9,-266.8
-3.1,2.8,96,7,-267.6
-3.2,2.8,96,7,-268.3
-3.3,2.8,96,7.1,-269.1
-3.3,2.8,97,7.1,-269.8
-3.4,2.8,97,7.2,-270.5
-3.4,3.2,97,7.2,-271.2
-3.5,3.2,98,7.3,-271.8
-3.5,2.8,98,7.4,-272.5
-3.5,3.2,98,7.4,-273
-3.6,3.2,98,7.5,-273.5
-3.6,3.2,98,7.5,-274
-3.7,3.2,99,7.6,-274.5
-3.7,3.2,99,7.6,-274.9
-3.7,3.2,99,7.7,-275.3
-3.8,3.2,99,7.7,-275.6
-3.8,3.2,99,7.8,-275.9
-3.9,3.2,99,7.8,-276.2
-3.9,3.2,99,7.9,-276.5
-4,3.2,99,7.9,-276.7
-4,3.2,99,8,-276.9
-4,3.2,99,8,-277.1
-4.1,3.2,99,8.1,-277.3
-4.1,3.2,98,8.1,-277.4
-4.1,3.2,98,8.2,-277.6
-4.2,3.2,98,8.2,-277.7
-4.2,3.2,98,8.3,-277.9
-4.3,2.8,97,8.3,-278
-4.3,2.8,97,8.4,-278.1
-4.3,2.8,97,8.4,-278.1
-4.3,2.8,96,8.4,-278.1
-4.3,2.8,96,8.5,-278.1
-4.3,2.8,96,8.5,-278
-4.4,2.8,95,8.6,-277.9
-4.4,2.8,95,8.6,-277.8
-4.4,2.8,95,8.7,-277.6
-4.4,2.4,94,8.7,-277.4
-4.4,2.4,94,8.7,-277.1
-4.4,2.4,93,8.8,-276.9
-4.4,2.4,93,8.8,-276.7
-4.4,2.4,93,8.8,-276.4
-4.4,2.4,92,8.9,-276.2
-4.4,2.4,92,8.9,-275.9
-4.4,2,91,9,-275.7
-4.4,2,91,9,-275.6
-4.4,2,90,9,-275.5
-4.3,2,90,9.1,-275.6
-4.3,2,89,9.1,-275.9
-4.3,2,89,9.1,-276.2
-4.3,1.6,88,9.2,-276.5
-4.3,1.6,88,9.2,-276.9
-4.2,1.6,87,9.2,-277.4
-4.2,1.6,87,9.3,-277.9
-4.1,1.6,86,9.3,-278.5
-4.1,1.2,86,9.3,-279.2
-4,1.2,85,9.4,-280
-4,1.2,84,9.4,-280.8
-3.9,1.2,84,9.4,-281.7
-3.8,1.2,83,9.5,-282.6
-3.8,1.2,83,9.5,-283.5
-3.7,0.8,82,9.5,-284.4
-3.6,0.8,81,9.5,-285.2
-3.5,0.8,81,9.6,-285.9
-3.4,0.8,80,9.6,-286.5
-3.3,0.4,79,9.6,-286.9
-3.2,0.4,79,9.7,-287.2
-3.1,0.4,78,9.7,-287.2
-3,0.4,78,9.7,-287.1
-2.9,0,77,9.7,-286.7
-2.8,0,77,9.7,-286.1
-2.6,0,76,9.8,-285.2
-2.4,0,76,9.8,-284.1
-2.3,0,76,9.8,-282.8
-2.1,0,76,9.8,-281.3
-2,-0,75,9.8,-279.6
-1.8,-0,75,9.9,-277.7
-1.7,-0,75,9.9,-275.7
-1.5,-0,75,9.9,-273.6
-1.3,-0,75,9.9,-271.4
-1.2,-0,75,9.9,-269.3
-1,-0,75,9.9,-267.1
-0.8,-0,75,9.9,-265
-0.6,-0,76,9.9,-263
-0.4,-0,76,9.9,-261
-0.2,-0,76,9.9,-259.2
-0,0,76,10,-257.5
0.2,0,77,10,-255.9
0.4,0,77,10,-254.5
0.6,0.4,77,10,-253.2
0.8,0.4,78,10,-252.1
1,0.4,79,10,-251
1.2,0.4,79,10,-250.1
1.4,0.4,80,10,-249.3
1.6,0.8,81,10,-248.5
1.8,0.8,82,10,-247.8
2.1,0.8,83,10,-247.2
2.2,1.2,84,10,-246.5
2.4,1.2,85,10,-245.9
2.7,1.6,86,10,-245.3
2.9,1.6,87,10,-244.9
3.1,1.6,88,10,-244.5
3.3,2,90,10,-244.1
3.5,2,91,10,-243.6
3.6,2.4,92,10,-243.2
3.8,2.4,94,10,-242.8
4,2.8,95,10,-242.4
4.2,2.8,97,10,-241.9
4.3,3.2,98,10,-241.5
4.5,3.2,99,10,-241.2
4.7,3.6,101,10,-240.9
4.9,3.6,102,9.9,-240.6
5,3.6,104,9.9,-240.5
5.2,4,105,9.9,-240.4
5.4,4.4,107,9.9,-240.3
5.5,4.4,108,9.9,-240.4
5.6,4.8,110,9.9,-240.6
5.8,4.8,112,9.9,-240.8
5.9,5.2,113,9.9,-241.2
6,5.6,115,9.9,-241.6
6.1,5.6,116,9.8,-242.2
6.2,6,118,9.8,-242.9
6.3,6,119,9.8,-243.6
6.4,6.4,121,9.8,-244.5
6.4,6.4,122,9.8,-245.5
6.5,6.4,123,9.7,-246.6
6.6,6.8,124,9.7,-247.7
6.7,6.8,125,9.7,-248.9
6.7,6.8,126,9.7,-250.2
6.7,7.2,127,9.7,-251.5
6.7,7.2,128,9.6,-252.9
6.7,7.2,129,9.6,-254.3
6.7,7.6,130,9.6,-255.8
6.7,7.6,131,9.5,-257.3
6.7,7.6,131,9.5,-258.9
6.7,7.6,132,9.5,-260.6
6.7,8,133,9.5,-262.2
6.7,8,133,9.4,-263.9
6.6,8,134,9.4,-265.7
6.6,8,134,9.4,-267.5
6.5,8,134,9.3,-269.3
6.5,8,134,9.3,-271.2
6.5,8.4,134,9.3,-273.1
6.4,8.4,134,9.2,-275
6.3,8,134,9.2,-277
6.3,8,133,9.2,-278.9
6.2,8,133,9.1,-280.9
6.1,7.6,132,9.1,-282.9
6.1,7.6,132,9,-284.9
6,7.6,131,9,-286.9
5.9,7.6,130,9,-288.9
5.9,7.6,129,8.9,-290.8
5.8,7.2,128,8.9,-292.8
5.7,7.2,127,8.9,-294.7
5.6,6.8,125,8.8,-296.5
5.5,6.8,124,8.8,-298.3
5.4,6.4,122,8.7,-299.9
5.3,6,121,8.7,-301.5
5.2,6,119,8.7,-303
5.1,5.6,117,8.6,-304.5
5.1,5.6,115,8.6,-305.8
5,5.2,113,8.5,-307
4.9,4.8,111,8.5,-308.1
4.8,4.8,110,8.5,-309.1
4.7,4.4,108,8.4,-310
4.6,4,106,8.4,-310.8
4.6,4,103,8.3,-311.6
4.5,3.6,101,8.3,-312.2
4.4,3.2,99,8.2,-312.7
4.4,2.8,97,8.2,-313.1
4.3,2.8,95,8.1,-313.4
4.3,2.4,93,8.1,-313.5
4.2,2,91,8,-313.5
4.1,1.6,88,8,-313.4
4.1,1.6,86,7.9,-313.1
4.1,1.2,84,7.9,-312.8
4,0.8,82,7.8,-312.3
4,0.4,80,7.8,-311.7
4,0.4,78,7.7,-311
4,0,76,7.7,-310.1
4,-0.4,73,7.6,-309.1
4,-0.4,71,7.6,-308.1
4,-0.8,70,7.5,-306.9
4,-1.2,68,7.5,-305.7
4,-1.6,66,7.4,-304.4
4,-1.6,64,7.4,-303.1
4,-2,62,7.3,-301.8
4,-2,61,7.3,-300.4
4.1,-2,59,7.2,-299.1
4.1,-2.4,57,7.1,-297.7
4.2,-2.8,56,7.1,-296.4
4.2,-3.2,54,7,-295.1
4.3,-3.2,53,7,-293.9
4.3,-3.2,51,6.9,-292.8
4.4,-3.6,50,6.8,-291.8
4.5,-3.6,49,6.8,-290.9
4.6,-3.6,48,6.7,-290
4.6,-4,47,6.7,-289.3
4.7,-4.4,46,6.6,-288.7
4.8,-4.4,45,6.5,-288.2
4.9,-4.4,44,6.5,-287.8
5,-4.4,43,6.4,-287.6
5.1,-4.4,43,6.4,-287.4
5.3,-4.4,42,6.3,-287.4
5.4,-4.4,42,6.2,-287.5
5.5,-4.8,42,6.2,-287.6
5.6,-4.8,41,6.1,-287.9
5.8,-4.8,41,6,-288.1
5.9,-4.8,41,6,-288.4
6,-4.8,41,5.9,-288.7
6.1,-4.8,41,5.8,-288.9
6.2,-4.8,41,5.8,-289
6.4,-4.8,41,5.7,-289.1
6.5,-4.8,42,5.6,-289
6.6,-4.8,42,5.6,-288.8
6.7,-4.4,43,5.5,-288.3
6.8,-4.4,44,5.4,-287.6
7,-4,45,5.4,-286.7
7.1,-4,46,5.3,-285.5
7.2,-4,47,5.2,-284.1
7.4,-4,48,5.1,-282.5
7.5,-3.6,49,5.1,-280.6
7.6,-3.6,50,5,-278.6
7.7,-3.2,52,4.9,-276.3
7.8,-3.2,53,4.9,-273.9
7.9,-2.8,55,4.8,-271.4
8.1,-2.8,56,4.7,-268.8
8.2,-2.4,58,4.6,-266.1
8.3,-2,60,4.6,-263.4
8.4,-2,62,4.5,-260.8
8.5,-1.6,64,4.4,-258.2
8.6,-1.2,66,4.4,-255.8
8.7,-1.2,68,4.3,-253.5
8.8,-0.8,70,4.2,-251.5
8.9,-0.4,73,4.1,-249.6
9,-0,75,4.1,-248
9.1,0.4,77,4,-246.6
9.1,0.4,80,3.9,-245.5
9.2,0.8,82,3.8,-244.6
9.2,1.2,85,3.8,-244
9.3,1.6,87,3.7,-243.7
9.4,2,90,3.6,-243.6
9.4,2.4,93,3.5,-243.7
9.5,2.8,95,3.4,-244
9.5,3.2,98,3.4,-244.5
9.5,3.6,101,3.3,-245.2
9.5,4,103,3.2,-246.1
9.6,4,106,3.1,-247.1
9.6,4.4,109,3.1,-248.1
9.6,4.8,111,3,-249.3
9.6,5.2,114,2.9,-250.6
9.6,5.6,117,2.8,-252
9.6,6,120,2.7,-253.5
9.6,6.4,122,2.7,-255.2
9.6,6.8,125,2.6,-256.9
9.6,7.2,128,2.5,-258.7
9.5,7.6,131,2.4,-260.5
9.5,8,134,2.3,-262.4
9.5,8.4,137,2.3,-264.3
9.4,8.8,140,2.2,-266.3
9.4,9.2,143,2.1,-268.3
9.3,9.6,145,2,-270.4
9.3,10,148,1.9,-272.6
9.2,10.4,151,1.9,-274.8
9.2,10.8,153,1.8,-277
9.1,10.8,156,1.7,-279.2
9.1,11.2,158,1.6,-281.5
9,11.6,161,1.5,-283.7
9,12,163,1.5,-286
8.9,12.4,166,1.4,-288.3
8.8,12.8,168,1.3,-290.6
8.8,13.2,171,1.2,-292.8
8.7,13.2,173,1.1,-295
8.7,13.6,175,1,-297.1
8.6,14,177,1,-299.2
8.6,14,179,0.9,-301.2
8.5,14.4,181,0.8,-303.2
8.4,14.8,183,0.7,-305.1
8.4,15.2,185,0.6,-306.9
8.3,15.2,187,0.5,-308.6
8.3,15.6,189,0.5,-310.3
8.3,16,191,0.4,-312
8.2,16,192,0.3,-313.5
8.2,16.4,194,0.2,-315.1
8.1,16.4,195,0.1,-316.6
8.1,16.4,197,0,-318.2
8,16.8,198,-0,-319.8
8,16.8,199,-0.1,-321.3
8,17.2,200,-0.2,-323
7.9,17.2,201,-0.3,-324.6
7.9,17.2,202,-0.4,-326.3
7.9,17.2,203,-0.5,-328.1
7.8,17.6,204,-0.5,-330
7.8,17.6,205,-0.6,-332
7.8,17.6,206,-0.7,-334
7.8,18,207,-0.8,-336
7.8,18,208,-0.9,-338.1
7.8,18.4,209,-1,-340.3
7.8,18.4,209,-1,-342.6
7.8,18.4,210,-1.1,-344.9
7.7,18.4,211,-1.2,-347.3
7.8,18.4,211,-1.3,-349.6
7.8,18.8,212,-1.4,-352
7.8,18.8,212,-1.4,-354.3
7.8,18.8,212,-1.5,-356.6
7.8,18.8,212,-1.6,-359
7.8,18.8,212,-1.7,-361.3
7.9,18.8,212,-1.8,-363.7
7.9,18.4,211,-1.9,-366
7.9,18.4,211,-1.9,-368.2
7.9,18.4,210,-2,-370.4
7.9,18.4,209,-2.1,-372.5
7.9,18,208,-2.2,-374.6
8,18,207,-2.3,-376.6
8,18,206,-2.3,-378.6
8,17.6,205,-2.4,-380.6
8,17.6,203,-2.5,-382.4
8,17.6,202,-2.6,-384.2
8.1,17.2,200,-2.7,-386
8.1,16.8,199,-2.7,-387.7
8.1,16.4,197,-2.8,-389.3
8.2,16,196,-2.9,-391
8.2,16,194,-3,-392.6
8.2,16,192,-3.1,-394.2
8.3,15.6,191,-3.1,-395.7
8.3,15.6,189,-3.2,-397.2
8.3,15.2,187,-3.3,-398.7
8.3,15.2,186,-3.4,-400.2
8.3,14.8,184,-3.4,-401.7
8.3,14.4,182,-3.5,-403.3
8.3,14.4,181,-3.6,-404.8
8.3,14,179,-3.7,-406.3
8.3,14,177,-3.7,-407.9
8.3,13.6,175,-3.8,-409.6
8.3,13.2,173,-3.9,-411.2
8.3,13.2,172,-4,-412.9
8.2,12.8,170,-4,-414.6
8.2,12.4,168,-4.1,-416.3
8.1,12.4,166,-4.2,-418
8.1,12,164,-4.3,-419.7
8,12,163,-4.3,-421.5
8,11.6,161,-4.4,-423.2
7.9,11.6,159,-4.5,-425
7.8,11.2,157,-4.6,-426.7
7.7,10.8,155,-4.6,-428.5
7.6,10.4,153,-4.7,-430.1
7.5,10.4,150,-4.8,-431.8
7.4,10,148,-4.9,-433.4
7.3,9.6,146,-4.9,-434.9
7.2,9.2,144,-5,-436.3
7.1,8.8,141,-5.1,-437.7
6.9,8.4,139,-5.1,-438.9
6.8,8.4,137,-5.2,-439.9
6.6,8,135,-5.3,-440.9
6.5,7.6,134,-5.4,-441.7
6.3,7.6,132,-5.4,-442.3
6.2,7.6,131,-5.5,-442.8
6,7.2,129,-5.6,-443.1
5.8,7.2,128,-5.6,-443.2
5.6,6.8,126,-5.7,-443.3
5.4,6.8,125,-5.8,-443.1
5.2,6.4,124,-5.8,-442.8
5,6.4,122,-5.9,-442.3
4.9,6.4,121,-6,-441.7
4.7,6,120,-6,-441
4.5,6,119,-6.1,-440.1
4.3,5.6,117,-6.2,-439.2
4,5.6,116,-6.2,-438.1
3.8,5.2,115,-6.3,-437
3.6,5.2,114,-6.3,-435.8
3.3,5.2,113,-6.4,-434.5
3.1,4.8,111,-6.5,-433
2.9,4.8,110,-6.5,-431.4
2.6,4.4,109,-6.6,-429.7
2.4,4.4,108,-6.7,-428.1
2.1,4.4,107,-6.7,-426.5
1.9,4,106,-6.8,-424.9
1.7,4,106,-6.8,-423.2
1.4,4,105,-6.9,-421.5
1.2,4,104,-7,-419.9
1,3.6,104,-7,-418.3
0.7,3.6,103,-7.1,-416.7
0.5,3.6,103,-7.1,-415.2
0.2,3.6,102,-7.2,-413.8
0,3.6,102,-7.2,-412.5
-0.2,3.6,101,-7.3,-411.4
-0.4,3.6,101,-7.4,-410.4
-0.6,3.6,100,-7.4,-409.5
-0.8,3.2,99,-7.5,-408.9
-1,3.2,99,-7.5,-408.6
-1.2,3.2,98,-7.6,-408.5
-1.4,3.2,97,-7.6,-408.7
-1.6,2.8,96,-7.7,-409.3
-1.8,2.8,94,-7.7,-410.3
-1.9,2.4,93,-7.8,-411.6
-2.1,2.4,92,-7.8,-413.4
-2.2,2,90,-7.9,-415.6
-2.4,2,89,-7.9,-418.1
-2.5,1.6,87,-8,-421
-2.6,1.2,85,-8,-424.3
-2.7,1.2,83,-8.1,-427.9
-2.8,0.8,81,-8.1,-431.9
-3,0.8,79,-8.2,-436.1
-3.1,0.4,77,-8.2,-440.6
-3.2,-0,75,-8.3,-445.3
-3.2,-0.4,72,-8.3,-450.1
-3.3,-0.8,70,-8.4,-455
-3.3,-0.8,67,-8.4,-459.8
-3.4,-1.2,64,-8.4,-464.6
-3.4,-1.6,61,-8.5,-469.2
-3.4,-2.4,58,-8.5,-473.6
-3.4,-2.8,55,-8.6,-477.8
-3.4,-3.2,51,-8.6,-481.5
-3.4,-3.6,48,-8.7,-484.9
-3.4,-4,44,-8.7,-487.8
-3.3,-4.8,40,-8.7,-490.2
-3.3,-5.2,36,-8.8,-492.1
-3.2,-6,32,-8.8,-493.3
-3.2,-6.4,28,-8.9,-494.1
-3.1,-7.2,24,-8.9,-494.2
-3,-7.6,20,-8.9,-493.7
-2.9,-8,16,-9,-492.8
-2.8,-8.8,12,-9,-491.3
-2.7,-9.2,8,-9,-489.2
-2.6,-9.6,4,-9.1,-486.5
-2.5,-10.4,0,-9.1,-483.3
-2.4,-10.8,-4,-9.2,-479.7
-2.2,-11.6,-8,-9.2,-475.6
-2.1,-12,-12,-9.2,-471.1
-2,-12.4,-16,-9.3,-466.3
-1.9,-13.2,-19,-9.3,-461.1
-1.7,-13.6,-22,-9.3,-455.5
-1.6,-14,-25,-9.4,-449.7
-1.4,-14.4,-28,-9.4,-443.6
-1.3,-14.8,-31,-9.4,-437.2
-1.1,-14.8,-33,-9.4,-430.6
-1,-15.2,-36,-9.5,-423.7
-0.8,-15.6,-38,-9.5,-416.7
-0.7,-15.6,-40,-9.5,-409.5
-0.5,-16,-42,-9.6,-402.2
-0.4,-16.4,-43,-9.6,-394.7
-0.2,-16.4,-45,-9.6,-387.3
-0,-16.8,-47,-9.6,-379.9
0.1,-16.8,-48,-9.7,-372.4
0.3,-17.2,-49,-9.7,-365.1
0.4,-17.2,-50,-9.7,-358
0.6,-17.6,-51,-9.7,-351
0.8,-17.6,-52,-9.8,-344.4
0.9,-17.6,-52,-9.8,-338
1.1,-17.6,-53,-9.8,-332
1.2,-17.6,-53,-9.8,-326.4
1.3,-17.6,-52,-9.8,-321.3
1.5,-17.6,-52,-9.9,-316.5
1.6,-17.2,-51,-9.9,-312.3
1.7,-17.2,-50,-9.9,-308.4
1.8,-17.2,-49,-9.9,-305
1.9,-17.2,-48,-9.9,-302.1
2.1,-16.8,-47,-9.9,-299.7
2.2,-16.4,-45,-9.9,-297.7
2.3,-16.4,-43,-9.9,-296.2
2.5,-16,-41,-9.9,-295
2.6,-15.6,-39,-9.9,-294
2.7,-15.2,-36,-10,-293.3
2.8,-15.2,-34,-10,-292.9
2.9,-14.4,-31,-10,-292.6
3.1,-14.4,-28,-10,-292.6
3.1,-14,-25,-10,-292.6
3.2,-13.2,-22,-10,-292.8
3.3,-12.8,-18,-10,-293
3.4,-12.4,-15,-10,-293.3
3.4,-11.6,-11,-10,-293.5
3.5,-11.2,-8,-10,-293.7
3.6,-10.8,-4,-10,-293.8
3.7,-10.4,-1,-10,-293.9
3.7,-10,3,-10,-293.9
3.8,-9.6,7,-10,-293.7
3.9,-8.8,11,-10,-293.4
4,-8.4,15,-10,-293
4,-7.6,19,-10,-292.3
4.1,-7.2,23,-10,-291.5
4.2,-6.4,28,-10,-290.4
4.3,-6,32,-10,-289.2
4.3,-5.2,36,-10,-287.8
4.4,-4.8,41,-10,-286.1
4.5,-4,45,-10,-284.3
4.5,-3.6,50,-10,-282.4
4.6,-2.8,55,-10,-280.3
4.7,-2.4,60,-10,-278.1
4.7,-1.6,65,-9.9,-275.8
4.8,-0.8,70,-9.9,-273.5
4.9,-0,75,-9.9,-271.2
4.9,0.8,80,-9.9,-268.9
5,1.2,86,-9.9,-266.7
5.1,2,91,-9.9,-264.7
5.1,2.8,97,-9.9,-262.8
5.2,3.6,102,-9.9,-261.1
5.2,4.4,108,-9.9,-259.7
5.3,5.2,114,-9.8,-258.4
5.4,6,119,-9.8,-257.5
5.4,6.8,125,-9.8,-256.9
5.5,7.6,131,-9.8,-256.6
5.6,8.4,137,-9.8,-256.6
5.7,9.2,142,-9.7,-257
5.7,10,148,-9.7,-257.6
5.8,10.8,154,-9.7,-258.6
5.9,11.6,159,-9.7,-259.9
5.9,12.4,164,-9.7,-261.4
6,12.8,170,-9.6,-263.1
6.1,13.6,175,-9.6,-265.1
6.2,14.4,180,-9.6,-267.2
6.3,14.8,185,-9.5,-269.6
6.3,15.6,190,-9.5,-272.2
6.4,16.4,195,-9.5,-274.8
6.5,17.2,200,-9.5,-277.6
6.6,17.6,205,-9.4,-280.4
6.6,18.4,210,-9.4,-283.2
6.7,19.2,214,-9.4,-286.1
6.8,19.6,219,-9.3,-288.9
6.8,20.4,223,-9.3,-291.8
6.9,20.8,227,-9.3,-294.7
7,21.2,231,-9.2,-297.6
7.1,22,235,-9.2,-300.4
7.2,22.4,239,-9.2,-303.2
7.3,22.8,243,-9.1,-306.1
7.4,23.2,246,-9.1,-309
7.5,24,250,-9,-311.9
7.6,24.4,253,-9,-314.9
7.7,24.8,256,-9,-317.9
7.8,25.2,260,-8.9,-321.1
7.9,25.6,262,-8.9,-324.3
8,26,265,-8.9,-327.6
8.2,26.4,268,-8.8,-331.1
8.3,26.8,270,-8.8,-334.7
8.4,26.8,273,-8.7,-338.3
8.5,27.2,275,-8.7,-342
8.6,27.6,277,-8.7,-345.8
8.7,28,279,-8.6,-349.5
8.8,28,281,-8.6,-353.4
9,28.4,282,-8.5,-357.2
9.1,28.4,284,-8.5,-361.1
9.2,28.8,285,-8.5,-365
9.3,28.8,286,-8.4,-368.9
9.4,28.8,287,-8.4,-372.8
9.5,29.2,288,-8.3,-376.7
9.6,29.2,289,-8.3,-380.7
9.7,29.2,289,-8.2,-384.6
9.8,29.2,290,-8.2,-388.5
9.9,29.2,290,-8.1,-392.4
9.9,29.2,290,-8.1,-396.3
10,29.6,290,-8,-400.2
10.1,29.2,290,-8,-404
10.2,29.2,290,-7.9,-407.9
10.2,29.2,289,-7.9,-411.7
10.3,29.2,289,-7.8,-415.6
10.4,29.2,288,-7.8,-419.5
10.5,28.8,287,-7.7,-423.4
10.5,28.8,287,-7.7,-427.3
10.6,28.4,286,-7.6,-431.3
10.6,28.4,285,-7.6,-435.3
10.6,28.4,284,-7.5,-439.3
10.7,28.4,283,-7.5,-443.3
10.7,28.4,282,-7.4,-447.3
10.7,28,281,-7.4,-451.3
10.8,28,280,-7.3,-455.3
10.8,27.6,279,-7.3,-459.3
10.8,27.6,277,-7.2,-463.2
10.8,27.2,276,-7.1,-467.1
10.8,27.2,274,-7.1,-470.9
10.7,26.8,273,-7,-474.6
10.7,26.8,271,-7,-478.2
10.7,26.4,270,-6.9,-481.6
10.7,26.4,268,-6.8,-485
10.7,26,266,-6.8,-488.1
10.6,25.6,265,-6.7,-491.1
10.6,25.6,263,-6.7,-493.8
10.6,25.2,261,-6.6,-496.3
10.5,25.2,259,-6.5,-498.6
10.5,24.8,257,-6.5,-500.6
10.4,24.4,256,-6.4,-502.4
10.3,24.4,254,-6.4,-504
10.3,24,252,-6.3,-505.4
10.2,23.6,250,-6.2,-506.5
10.1,23.6,248,-6.2,-507.5
10,23.2,246,-6.1,-508.2
9.9,22.8,244,-6,-508.9
9.8,22.4,242,-6,-509.4
9.7,22.4,240,-5.9,-509.8
9.6,22,238,-5.8,-510.1
9.5,21.6,236,-5.8,-510.4
9.4,21.6,234,-5.7,-510.6
9.3,21.2,233,-5.6,-510.8
9.2,21.2,231,-5.6,-511.1
9,20.8,230,-5.5,-511.4
8.9,20.8,228,-5.4,-511.9
8.7,20.4,227,-5.4,-512.5
8.6,20.4,225,-5.3,-513.2
8.4,20.4,224,-5.2,-514.2
8.3,20,223,-5.1,-515.4
8.2,20,222,-5.1,-516.9
8,19.6,220,-5,-518.6
7.9,19.6,219,-4.9,-520.5
7.7,19.2,218,-4.9,-522.8
7.6,19.2,217,-4.8,-525.2
7.4,19.2,215,-4.7,-527.9
7.3,18.8,214,-4.6,-530.7
7.1,18.8,213,-4.6,-533.7
7,18.4,211,-4.5,-536.9
6.8,18.4,210,-4.4,-540.1
6.7,18,208,-4.4,-543.5
6.5,18,207,-4.3,-546.8
6.4,17.6,206,-4.2,-550.2
6.2,17.6,204,-4.1,-553.5
6.1,17.2,203,-4.1,-556.7
5.9,17.2,201,-4,-559.8
5.8,16.8,200,-3.9,-562.7
5.7,16.8,198,-3.8,-565.5
5.6,16.4,197,-3.8,-568.1
5.4,16.4,196,-3.7,-570.6
5.3,16,194,-3.6,-572.8
5.2,16,193,-3.5,-574.9
5.1,16,192,-3.4,-576.7
5,15.6,191,-3.4,-578.5
4.9,15.6,189,-3.3,-580.1
4.8,15.2,188,-3.2,-581.5
4.7,15.2,187,-3.1,-582.8
4.6,15.2,185,-3.1,-584
4.5,14.8,184,-3,-585.1
4.4,14.8,183,-2.9,-586.2
4.3,14.4,181,-2.8,-587.1
4.2,14,180,-2.7,-588.1
4.1,14,178,-2.7,-588.9
4.1,13.6,177,-2.6,-589.8
4,13.6,176,-2.5,-590.6
3.9,13.6,174,-2.4,-591.4
3.9,13.2,173,-2.3,-592.3
3.8,13.2,171,-2.3,-593.1
3.8,12.8,170,-2.2,-594
3.7,12.8,168,-2.1,-594.8
3.7,12.4,167,-2,-595.7
3.7,12.4,165,-1.9,-596.6
3.7,12,164,-1.9,-597.5
3.6,11.6,162,-1.8,-598.4
3.6,11.6,160,-1.7,-599.4
3.6,11.2,159,-1.6,-600.3
3.6,11.2,157,-1.5,-601.2
3.6,10.8,156,-1.5,-602.1
3.6,10.8,154,-1.4,-603
3.6,10.4,153,-1.3,-603.9
3.6,10.4,152,-1.2,-604.8
3.7,10,150,-1.1,-605.6
3.7,10,149,-1,-606.4
3.7,10,148,-1,-607.1
3.7,9.6,146,-0.9,-607.8
3.8,9.6,145,-0.8,-608.5
3.8,9.2,144,-0.7,-609.1
3.8,9.2,143,-0.6,-609.7
3.9,8.8,141,-0.5,-610.3
3.9,8.8,140,-0.5,-610.8
4,8.8,139,-0.4,-611.3
4,8.4,138,-0.3,-611.8
4.1,8.4,137,-0.2,-612.3
4.1,8,136,-0.1,-612.7
4.2,8,134,-0,-613.2
4.2,8,133,0,-613.7
4.3,7.6,132,0.1,-614.1
4.4,7.6,131,0.2,-614.6
4.4,7.6,130,0.3,-615
4.5,7.2,129,0.4,-615.5
4.5,7.2,128,0.5,-616
4.6,7.2,127,0.5,-616.4
4.6,6.8,126,0.6,-616.9
4.7,6.8,125,0.7,-617.3
4.7,6.8,124,0.8,-617.8
4.7,6.4,123,0.9,-618.2
4.8,6.4,122,1,-618.6
4.8,6.4,121,1,-619.1
4.9,6,120,1.1,-619.5
4.9,6,119,1.2,-619.9
4.9,6,118,1.3,-620.3
4.9,5.6,117,1.4,-620.7
4.9,5.6,116,1.4,-621.1
5,5.2,115,1.5,-621.4
5,5.2,114,1.6,-621.8
5,5.2,113,1.7,-622.1
5,4.8,112,1.8,-622.5
5,4.8,111,1.9,-622.8
5,4.8,110,1.9,-623.1
5,4.4,109,2,-623.5
5,4.4,108,2.1,-623.8
5,4.4,108,2.2,-624.2
5,4.4,107,2.3,-624.5
4.9,4,106,2.3,-624.9
4.9,4,106,2.4,-625.3
4.9,4,105,2.5,-625.7
4.9,4,105,2.6,-626.1
4.8,4,104,2.7,-626.5
4.8,4,103,2.7,-627
4.8,3.6,103,2.8,-627.4
4.7,3.6,102,2.9,-627.8
4.7,3.6,101,3,-628.3
4.6,3.6,101,3.1,-628.7
4.6,3.2,100,3.1,-629.1
4.5,3.2,99,3.2,-629.6
4.4,3.2,99,3.3,-630
4.4,3.2,98,3.4,-630.4
4.3,2.8,97,3.4,-630.7
4.2,2.8,96,3.5,-631.1
4.1,2.8,96,3.6,-631.4
4,2.8,95,3.7,-631.7
4,2.4,94,3.7,-632
3.9,2.4,94,3.8,-632.3
3.8,2.4,93,3.9,-632.5
3.7,2.4,92,4,-632.7
3.6,2.4,92,4,-632.9
3.5,2,91,4.1,-633
3.4,2,90,4.2,-633.1
3.3,2,90,4.3,-633.2
3.2,2,89,4.3,-633.3
3.1,1.6,88,4.4,-633.4
3,1.6,88,4.5,-633.5
2.9,1.6,87,4.6,-633.5
2.8,1.6,86,4.6,-633.6
2.8,1.2,86,4.7,-633.6
2.7,1.2,85,4.8,-633.6
2.6,1.2,84,4.9,-633.7
2.6,1.2,84,4.9,-633.7
2.5,1.2,83,5,-633.7
2.4,0.8,83,5.1,-633.7
2.4,0.8,82,5.1,-633.7
2.3,0.8,82,5.2,-633.7
2.2,0.8,81,5.3,-633.7
2.2,0.8,81,5.4,-633.7
2.1,0.8,80,5.4,-633.7
2.1,0.4,80,5.5,-633.7
2,0.4,79,5.6,-633.7
2,0.4,79,5.6,-633.7
1.9,0.4,78,5.7,-633.7
1.9,0.4,77,5.8,-633.7
1.8,0.4,77,5.8,-633.7
1.8,0,76,5.9,-633.7
1.8,-0,76,6,-633.7
1.7,-0,75,6,-633.7
1.7,-0,74,6.1,-633.7
1.7,-0.4,74,6.2,-633.7
1.7,-0.4,73,6.2,-633.7
1.7,-0.4,73,6.3,-633.7
1.6,-0.4,72,6.3,-633.7
1.6,-0.4,72,6.4,-633.7
1.6,-0.4,71,6.5,-633.7
1.6,-0.8,71,6.5,-633.7
1.6,-0.8,70,6.6,-633.7
1.6,-0.8,70,6.7,-633.7
1.6,-0.8,70,6.7,-633.6
1.6,-0.8,69,6.8,-633.6
1.7,-0.8,69,6.8,-633.6
1.7,-0.8,69,6.9,-633.5
1.7,-0.8,68,7,-633.4
1.7,-1.2,68,7,-633.4
1.7,-1.2,67,7.1,-633.3
1.7,-1.2,67,7.1,-633.2
1.7,-1.2,67,7.2,-633
1.8,-1.2,66,7.2,-632.9
1.8,-1.2,66,7.3,-632.7
1.9,-1.2,66,7.4,-632.5
1.9,-1.2,65,7.4,-632.3
1.9,-1.6,65,7.5,-632
2,-1.6,65,7.5,-631.7
2,-1.6,64,7.6,-631.4
2.1,-1.6,64,7.6,-631.1
2.1,-1.6,64,7.7,-630.8
2.2,-1.6,64,7.7,-630.4
2.2,-1.6,63,7.8,-630
2.3,-1.6,63,7.8,-629.6
2.3,-1.6,63,7.9,-629.2
2.4,-1.6,63,7.9,-628.7
2.5,-1.6,62,8,-628.3
2.5,-2,62,8,-627.9
2.6,-2,62,8.1,-627.4
2.6,-2,61,8.1,-627
2.7,-2,61,8.2,-626.6
2.8,-2,61,8.2,-626.2
2.8,-2,61,8.3,-625.9
2.9,-2,61,8.3,-625.6
2.9,-2,61,8.4,-625.3
3,-2,61,8.4,-625.1
3.1,-2,61,8.4,-624.9
3.1,-2,61,8.5,-624.7
3.2,-2,61,8.5,-624.6
3.2,-2,60,8.6,-624.5
3.3,-2,60,8.6,-624.5
3.3,-2,60,8.7,-624.5
3.4,-2,60,8.7,-624.5
3.5,-2,60,8.7,-624.6
3.5,-2,59,8.8,-624.7
3.5,-2.4,59,8.8,-624.9
3.6,-2.4,59,8.9,-625
3.6,-2.4,58,8.9,-625.2
3.7,-2.4,58,8.9,-625.4
3.7,-2.4,58,9,-625.6
3.8,-2.4,57,9,-625.8
3.8,-2.4,57,9,-626
3.8,-2.4,56,9.1,-626.2
3.9,-2.8,56,9.1,-626.4
3.9,-2.8,56,9.2,-626.6
4,-2.8,55,9.2,-626.8
4,-2.8,55,9.2,-626.9
4.1,-2.8,55,9.3,-626.9
4.1,-2.8,54,9.3,-626.9
4.1,-2.8,54,9.3,-626.9
4.2,-2.8,54,9.4,-626.9
4.2,-2.8,53,9.4,-626.8
4.2,-3.2,53,9.4,-626.6
4.3,-3.2,53,9.4,-626.4
4.3,-3.2,52,9.5,-626.1
4.3,-3.2,52,9.5,-625.8
4.3,-3.2,52,9.5,-625.4
4.4,-3.2,51,9.6,-625
4.4,-3.2,51,9.6,-624.6
4.4,-3.2,51,9.6,-624.2
4.4,-3.6,50,9.6,-623.7
4.4,-3.6,50,9.7,-623.2
4.4,-3.6,50,9.7,-622.7
4.5,-3.6,49,9.7,-622.2
4.5,-3.6,49,9.7,-621.7
4.5,-3.6,49,9.8,-621.1
4.5,-3.6,48,9.8,-620.6
4.5,-3.6,48,9.8,-620
4.5,-3.6,48,9.8,-619.5
4.5,-3.6,47,9.8,-618.9
4.6,-4,47,9.9,-618.3
4.6,-4,46,9.9,-617.7
4.6,-4,46,9.9,-617.1
4.6,-4,45,9.9,-616.5
4.7,-4,45,9.9,-615.9
4.7,-4.4,44,9.9,-615.3
4.7,-4.4,43,9.9,-614.8
4.7,-4.4,43,9.9,-614.2
4.7,-4.4,42,9.9,-613.7
4.8,-4.8,41,9.9,-613.2
4.8,-4.8,41,10,-612.6
4.8,-4.8,40,10,-612.2
4.8,-4.8,39,10,-611.7
4.8,-5.2,39,10,-611.3
4.9,-5.2,38,10,-610.9
4.9,-5.2,38,10,-610.6
4.9,-5.2,37,10,-610.2
5,-5.2,37,10,-609.9
5,-5.2,36,10,-609.6
5,-5.2,35,10,-609.3
5,-5.6,35,10,-609
5.1,-5.6,34,10,-608.8
5.1,-5.6,33,10,-608.5
5.1,-6,32,10,-608.3
5.1,-6,31,10,-608
5.2,-6,31,10,-607.7
5.2,-6,30,10,-607.5
5.3,-6.4,29,10,-607.2
5.3,-6.4,28,10,-606.9
5.3,-6.8,27,10,-606.5
5.4,-6.8,26,10,-606.2
5.4,-6.8,25,10,-605.8
5.4,-7.2,24,10,-605.4
5.5,-7.2,23,10,-605
5.5,-7.2,21,10,-604.6
5.5,-7.6,20,9.9,-604.1
5.6,-7.6,19,9.9,-603.6
5.6,-7.6,18,9.9,-603.1
5.7,-8,17,9.9,-602.6
5.7,-8,16,9.9,-602.1
5.8,-8,15,9.9,-601.6
5.8,-8.4,14,9.9,-601.1
5.8,-8.4,13,9.9,-600.6
5.9,-8.8,12,9.9,-600.1
5.9,-8.8,11,9.8,-599.6
5.9,-8.8,9,9.8,-599.2
6,-9.2,8,9.8,-598.8
6,-9.2,7,9.8,-598.4
6,-9.6,6,9.8,-598
6.1,-9.6,5,9.7,-597.7
6.2,-10,4,9.7,-597.4
6.2,-10,3,9.7,-597.2
6.3,-10,1,9.7,-596.9
6.3,-10,0,9.7,-596.7
6.4,-10.4,-1,9.6,-596.5
6.4,-10.4,-2,9.6,-596.2
6.5,-10.8,-3,9.6,-596
6.5,-10.8,-4,9.5,-595.7
6.6,-10.8,-5,9.5,-595.4
6.6,-11.2,-6,9.5,-595
6.7,-11.2,-7,9.5,-594.6
6.7,-11.2,-7,9.4,-594.1
6.8,-11.6,-8,9.4,-593.5
6.8,-11.6,-9,9.4,-592.8
6.9,-11.6,-9,9.3,-591.9
6.9,-11.6,-10,9.3,-591
6.9,-11.6,-10,9.3,-589.9
7,-11.6,-10,9.2,-588.7
7,-12,-11,9.2,-587.4
7.1,-12,-11,9.2,-585.9
7.1,-12,-11,9.1,-584.2
7.1,-11.6,-11,9.1,-582.3
7.2,-11.6,-10,9.1,-580.3
7.2,-11.6,-10,9,-578.1
7.2,-11.6,-10,9,-575.7
7.3,-11.6,-9,9,-573.2
7.3,-11.6,-9,8.9,-570.6
7.3,-11.6,-8,8.9,-567.8
7.3,-11.2,-7,8.8,-565
7.4,-11.2,-6,8.8,-562.1
7.4,-11.2,-5,8.8,-559.1
7.4,-10.8,-4,8.7,-556.1
7.4,-10.8,-3,8.7,-553.1
7.4,-10.4,-1,8.7,-550
7.4,-10.4,0,8.6,-547.1
7.4,-10,2,8.6,-544.1
7.4,-10,3,8.5,-541.2
7.4,-9.6,5,8.5,-538.4
7.4,-9.2,7,8.4,-535.7
7.4,-9.2,9,8.4,-533
7.4,-8.8,11,8.4,-530.5
7.4,-8.4,13,8.3,-528
7.3,-8.4,16,8.3,-525.7
7.3,-8,18,8.2,-523.4
7.3,-7.6,20,8.2,-521.3
7.3,-7.2,23,8.1,-519.2
7.2,-6.8,26,8.1,-517.3
7.2,-6.4,28,8,-515.5
7.2,-6,31,8,-513.9
7.2,-5.6,34,7.9,-512.3
7.1,-5.2,37,7.9,-510.9
7.1,-4.8,40,7.8,-509.7
7,-4.4,43,7.8,-508.7
7,-4,46,7.7,-507.8
6.9,-3.6,49,7.7,-507.1
6.9,-3.2,52,7.6,-506.6
6.8,-2.8,55,7.6,-506.2
6.7,-2.4,58,7.5,-506.1
6.6,-2,61,7.5,-506.1
6.6,-1.6,63,7.4,-506.3
6.5,-1.2,66,7.4,-506.6
6.4,-0.8,69,7.3,-507.1
6.4,-0.4,72,7.3,-507.7
6.3,-0,75,7.2,-508.4
6.2,0.4,78,7.1,-509.2
6.1,0.8,81,7.1,-510
6,1.2,83,7,-511
5.9,1.6,86,7,-512
5.9,2,88,6.9,-513
5.8,2,91,6.8,-514.1
5.7,2.4,93,6.8,-515.2
5.6,2.8,96,6.7,-516.4
5.5,3.2,98,6.7,-517.5
5.4,3.6,100,6.6,-518.7
5.3,3.6,102,6.5,-519.8
5.2,4,104,6.5,-521
5.1,4.4,106,6.4,-522.1
5,4.4,108,6.4,-523.2
4.9,4.8,109,6.3,-524.2
4.8,4.8,111,6.2,-525.3
4.8,5.2,112,6.2,-526.4
4.7,5.2,114,6.1,-527.5
4.6,5.6,115,6,-528.7
4.5,5.6,116,6,-529.8
4.4,6,117,5.9,-530.9
4.4,6,118,5.8,-532.1
4.3,6,119,5.8,-533.4
4.2,6,120,5.7,-534.6
4.1,6.4,120,5.6,-535.9
4,6.4,121,5.6,-537.3
4,6.4,121,5.5,-538.7
3.9,6.4,121,5.4,-540.2
3.8,6.4,121,5.4,-541.7
3.8,6.4,121,5.3,-543.2
3.7,6.4,121,5.2,-544.8
3.6,6.4,121,5.1,-546.4
3.6,6,120,5.1,-548.1
3.5,6,120,5,-549.7
3.4,6,119,4.9,-551.3
3.4,6,119,4.9,-552.9
3.3,6,118,4.8,-554.5
3.2,5.6,117,4.7,-556
3.1,5.6,117,4.6,-557.5
3.1,5.6,116,4.6,-558.9
3,5.6,115,4.5,-560.2
3,5.2,114,4.4,-561.4
2.9,5.2,113,4.4,-562.5
2.8,5.2,112,4.3,-563.5
2.8,4.8,111,4.2,-564.4
2.7,4.8,110,4.1,-565.2
2.6,4.8,109,4.1,-565.8
2.6,4.4,108,4,-566.3
2.5,4.4,106,3.9,-566.7
2.5,4,105,3.8,-566.9
2.4,4,103,3.8,-567
2.4,3.6,102,3.7,-567
2.3,3.2,101,3.6,-566.8
2.3,3.2,99,3.5,-566.5
2.2,2.8,98,3.4,-566.1
2.2,2.8,96,3.4,-565.6
2.2,2.8,95,3.3,-564.9
2.1,2.4,94,3.2,-564.2
2.1,2.4,93,3.1,-563.4
2,2,91,3.1,-562.6
2,2,90,3,-561.7
1.9,2,89,2.9,-560.8
1.9,1.6,88,2.8,-559.8
1.9,1.6,87,2.7,-558.8
1.8,1.2,86,2.7,-557.9
1.8,1.2,85,2.6,-556.9
1.8,1.2,84,2.5,-555.9
1.7,1.2,83,2.4,-554.9
1.7,0.8,81,2.3,-554
1.7,0.8,80,2.3,-553.1
1.6,0.4,79,2.2,-552.2
1.6,0.4,78,2.1,-551.4
1.6,0,78,2,-550.7
1.6,0,77,1.9,-550
1.5,0,76,1.9,-549.4
1.5,0,75,1.8,-548.8
1.5,-0,75,1.7,-548.4
1.5,-0.4,74,1.6,-547.9
1.4,-0.4,74,1.5,-547.6
1.4,-0.4,73,1.5,-547.3
1.4,-0.4,73,1.4,-547.1
1.4,-0.4,73,1.3,-546.9
1.4,-0.4,72,1.2,-546.8
1.4,-0.4,72,1.1,-546.7
1.4,-0.4,72,1,-546.8
1.3,-0.4,72,1,-546.8
1.3,-0.4,71,0.9,-547
1.3,-0.4,71,0.8,-547.1
1.3,-0.8,71,0.7,-547.3
1.3,-0.8,71,0.6,-547.6
1.3,-0.8,70,0.5,-547.8
1.3,-0.8,70,0.5,-548.1
1.3,-0.8,70,0.4,-548.4
1.4,-0.8,70,0.3,-548.8
1.4,-0.8,70,0.2,-549.1
1.4,-0.4,70,0.1,-549.5
1.4,-0.8,70,0,-549.8
1.5,-0.8,71,-0,-550.2
1.5,-0.4,71,-0.1,-550.5
1.5,-0.4,71,-0.2,-550.8
1.6,-0.4,71,-0.3,-551.1
1.6,-0.8,71,-0.4,-551.4
1.7,-0.8,70,-0.5,-551.7
1.7,-0.8,70,-0.5,-552
1.7,-0.8,70,-0.6,-552.2
1.8,-0.8,70,-0.7,-552.4
1.8,-0.4,70,-0.8,-552.6
1.9,-0.8,70,-0.9,-552.8
2,-0.8,70,-1,-552.9
2,-0.8,71,-1,-553
2.1,-0.4,71,-1.1,-553.1
2.1,-0.4,70,-1.2,-553.2
2.2,-0.4,70,-1.3,-553.3
2.2,-0.8,70,-1.4,-553.4
2.3,-0.8,70,-1.4,-553.4
2.4,-0.8,70,-1.5,-553.5
2.5,-0.8,70,-1.6,-553.5
2.5,-0.8,70,-1.7,-553.6
2.6,-0.8,70,-1.8,-553.6
2.7,-0.8,70,-1.9,-553.7
2.8,-0.8,70,-1.9,-553.7
2.9,-0.8,70,-2,-553.7
3,-0.8,69,-2.1,-553.7
3.1,-0.8,69,-2.2,-553.7
3.2,-0.8,69,-2.3,-553.7
3.3,-0.8,69,-2.3,-553.7
3.4,-0.8,69,-2.4,-553.7
3.5,-0.8,69,-2.5,-553.7
3.6,-0.8,69,-2.6,-553.7
3.7,-0.8,69,-2.7,-553.6
3.8,-0.8,69,-2.7,-553.6
3.9,-0.8,69,-2.8,-553.6
4,-0.8,69,-2.9,-553.5
4.2,-0.8,69,-3,-553.5
4.3,-0.8,69,-3.1,-553.4
4.4,-0.8,69,-3.1,-553.3
4.5,-0.8,69,-3.2,-553.1
4.6,-0.8,70,-3.3,-553
4.7,-0.8,70,-3.4,-552.8
4.8,-0.8,70,-3.4,-552.5
5,-0.8,70,-3.5,-552.3
5.1,-0.8,70,-3.6,-552
5.2,-0.8,70,-3.7,-551.7
5.4,-0.8,70,-3.7,-551.4
5.5,-0.8,71,-3.8,-551
5.6,-0.4,71,-3.9,-550.6
5.7,-0.4,71,-4,-550.2
5.9,-0.4,72,-4,-549.8
6,-0.4,72,-4.1,-549.3
6.1,-0.4,72,-4.2,-548.9
6.2,-0.4,72,-4.3,-548.4
6.4,-0.4,72,-4.3,-547.9
6.5,-0.4,73,-4.4,-547.4
6.6,-0.4,73,-4.5,-546.9
6.8,-0.4,73,-4.6,-546.4
6.9,-0.4,73,-4.6,-545.9
7,-0.4,73,-4.7,-545.5
7.1,-0,73,-4.8,-545.1
7.2,-0,74,-4.9,-544.7
7.3,-0.4,74,-4.9,-544.3
7.4,-0.4,74,-5,-544
7.5,-0.4,74,-5.1,-543.7
7.6,-0,74,-5.1,-543.4
7.7,-0,75,-5.2,-543.3
7.9,0,75,-5.3,-543.1
8,0,75,-5.4,-543.1
8.1,-0,75,-5.4,-543.1
8.2,0,75,-5.5,-543.2
8.3,0,75,-5.6,-543.3
8.3,0,75,-5.6,-543.6
8.4,0,75,-5.7,-543.9
8.5,0,75,-5.8,-544.3
8.6,0,75,-5.8,-544.8
8.6,0,75,-5.9,-545.3
8.7,0,75,-6,-545.9
8.8,0,75,-6,-546.5
8.8,0,75,-6.1,-547.2
8.8,0,75,-6.2,-547.9
8.9,0,75,-6.2,-548.7
8.9,0,75,-6.3,-549.4
9,-0,75,-6.3,-550.2
9,-0,75,-6.4,-550.9
9,-0,75,-6.5,-551.6
9.1,-0,74,-6.5,-552.3
9.1,-0,74,-6.6,-553
9.1,-0,74,-6.7,-553.6
9.1,-0.4,73,-6.7,-554.2
9.1,-0.4,73,-6.8,-554.7
9.1,-0.4,72,-6.8,-555.2
9.2,-0.4,71,-6.9,-555.6
9.1,-0.8,70,-7,-556
9.1,-0.8,70,-7,-556.3
9.1,-0.8,69,-7.1,-556.5
9.1,-0.8,68,-7.1,-556.7
9.1,-1.2,67,-7.2,-556.9
9.1,-1.2,66,-7.2,-557
9,-1.6,65,-7.3,-557.1
9,-1.6,64,-7.4,-557.1
8.9,-1.6,63,-7.4,-557.2
8.9,-2,62,-7.5,-557.2
8.8,-2,60,-7.5,-557.2
8.8,-2,59,-7.6,-557.2
8.7,-2.4,58,-7.6,-557.2
8.7,-2.4,57,-7.7,-557.2
8.6,-2.8,55,-7.7,-557.2
8.5,-2.8,54,-7.8,-557.2
8.5,-3.2,53,-7.8,-557.3
8.4,-3.2,52,-7.9,-557.4
8.3,-3.6,50,-7.9,-557.5
8.2,-3.6,49,-8,-557.7
8.1,-3.6,48,-8,-557.8
8.1,-4,46,-8.1,-557.9
8,-4,45,-8.1,-558.1
7.9,-4.4,43,-8.2,-558.2
7.8,-4.4,42,-8.2,-558.3
7.8,-4.8,40,-8.3,-558.4
7.7,-5.2,39,-8.3,-558.4
7.6,-5.2,38,-8.4,-558.4
7.6,-5.2,36,-8.4,-558.3
7.5,-5.6,35,-8.4,-558.1
7.4,-5.6,33,-8.5,-557.9
7.4,-6,32,-8.5,-557.5
7.3,-6,30,-8.6,-557.1
7.2,-6.4,29,-8.6,-556.5
7.2,-6.4,28,-8.7,-555.8
7.1,-6.8,26,-8.7,-555
7,-6.8,25,-8.7,-554.1
6.9,-7.2,24,-8.8,-553.1
6.9,-7.2,22,-8.8,-552
6.8,-7.6,21,-8.9,-550.8
6.8,-7.6,20,-8.9,-549.5
6.7,-7.6,19,-8.9,-548.1
6.7,-8,18,-9,-546.6
6.6,-8,17,-9,-545.1
6.6,-8,16,-9,-543.5
6.5,-8,15,-9.1,-541.8
6.5,-8.4,15,-9.1,-540.2
6.4,-8.4,14,-9.2,-538.5
6.4,-8.4,13,-9.2,-536.8
6.3,-8.8,13,-9.2,-535
6.3,-8.8,12,-9.3,-533.3
6.2,-8.8,11,-9.3,-531.6
6.2,-8.8,11,-9.3,-529.9
6.2,-8.8,11,-9.4,-528.2
6.2,-8.8,10,-9.4,-526.6
6.1,-8.8,10,-9.4,-524.9
6.1,-8.8,9,-9.4,-523.3
6.1,-9.2,9,-9.5,-521.7
6.1,-9.2,9,-9.5,-520.1
6.1,-9.2,8,-9.5,-518.6
6.2,-9.2,8,-9.6,-517
6.2,-9.2,8,-9.6,-515.6
6.2,-9.2,8,-9.6,-514.1
6.2,-9.2,8,-9.6,-512.7
6.3,-9.2,8,-9.7,-511.4
6.3,-9.2,8,-9.7,-510
6.3,-9.2,8,-9.7,-508.7
6.3,-9.2,8,-9.7,-507.4
6.4,-9.2,8,-9.8,-506.2
6.4,-9.2,8,-9.8,-505.1
6.5,-9.2,8,-9.8,-504
6.5,-9.2,8,-9.8,-503
6.6,-9.2,8,-9.8,-502.1
6.7,-9.2,8,-9.9,-501.3
6.7,-9.2,7,-9.9,-500.6
6.8,-9.2,7,-9.9,-499.9
6.8,-9.2,7,-9.9,-499.3
6.9,-9.2,7,-9.9,-498.8
6.9,-9.2,7,-9.9,-498.5
7,-9.2,6,-9.9,-498.2
7.1,-9.6,6,-9.9,-498
7.1,-9.6,5,-9.9,-497.9
7.2,-9.6,5,-9.9,-497.9
7.3,-9.6,4,-10,-498
7.4,-9.6,4,-10,-498.2
7.5,-10,3,-10,-498.4
7.6,-10,2,-10,-498.7
7.6,-10,2,-10,-499.1
7.7,-10,1,-10,-499.5
7.8,-10,0,-10,-499.9
7.9,-10,0,-10,-500.3
8,-10.4,-1,-10,-500.8
8,-10.4,-2,-10,-501.2
8.1,-10.8,-4,-10,-501.5
8.2,-10.8,-5,-10,-501.9
8.3,-11.2,-6,-10,-502.1
8.4,-11.2,-7,-10,-502.3
8.4,-11.2,-9,-10,-502.3
8.5,-11.6,-10,-10,-502.3
8.6,-12,-12,-10,-502.2
8.7,-12,-13,-10,-502
8.7,-12.4,-15,-10,-501.8
8.8,-12.4,-17,-10,-501.4
8.8,-12.8,-18,-10,-500.9
8.9,-12.8,-20,-10,-500.3
8.9,-13.2,-22,-10,-499.6
9,-13.6,-24,-10,-498.9
9,-13.6,-25,-10,-498.1
9.1,-14,-27,-9.9,-497.2
9.1,-14,-29,-9.9,-496.2
9.1,-14.4,-31,-9.9,-495.1
9.2,-14.8,-33,-9.9,-494
9.2,-14.8,-35,-9.9,-492.7
9.2,-15.2,-37,-9.9,-491.5
9.2,-15.6,-39,-9.9,-490.2
9.2,-16,-41,-9.9,-488.8
9.2,-16,-43,-9.9,-487.3
9.3,-16.4,-45,-9.8,-485.8
9.3,-16.8,-47,-9.8,-484.3
9.3,-16.8,-48,-9.8,-482.7
9.2,-17.2,-50,-9.8,-481.1
9.2,-17.2,-52,-9.8,-479.3
9.2,-17.6,-54,-9.7,-477.6
9.2,-18,-56,-9.7,-475.7
9.2,-18,-57,-9.7,-473.8
9.2,-18.4,-59,-9.7,-471.8
9.1,-18.4,-61,-9.7,-469.8
9.1,-18.8,-63,-9.6,-467.7
9.1,-19.2,-64,-9.6,-465.6
9,-19.2,-66,-9.6,-463.4
9,-19.6,-67,-9.5,-461.1
9,-19.6,-69,-9.5,-458.8
8.9,-20,-70,-9.5,-456.5
8.8,-20,-71,-9.5,-454.1
8.8,-20,-72,-9.4,-451.6
8.7,-20.4,-74,-9.4,-449.1
8.6,-20.4,-75,-9.4,-446.5
8.6,-20.8,-76,-9.3,-443.9
8.5,-20.8,-76,-9.3,-441.3
8.4,-20.8,-77,-9.3,-438.7
8.3,-20.8,-78,-9.2,-436.1
8.2,-20.8,-79,-9.2,-433.5
8.1,-21.2,-79,-9.2,-430.8
8,-21.2,-80,-9.1,-428.2
7.9,-21.2,-81,-9.1,-425.5
7.8,-21.2,-81,-9.1,-422.9
7.7,-21.6,-82,-9,-420.3
7.5,-21.6,-82,-9,-417.7
7.4,-21.6,-83,-9,-415.2
7.3,-21.6,-83,-8.9,-412.6
7.2,-21.6,-83,-8.9,-410.1
7,-21.6,-83,-8.8,-407.6
6.9,-21.6,-83,-8.8,-405.1
6.8,-21.6,-83,-8.8,-402.6
6.6,-21.6,-83,-8.7,-400.2
6.5,-21.6,-83,-8.7,-397.9
6.4,-21.6,-83,-8.7,-395.5
6.3,-21.6,-83,-8.6,-393.3
6.1,-21.6,-82,-8.6,-391
6,-21.2,-82,-8.5,-388.9
5.8,-21.2,-82,-8.5,-386.8
5.7,-21.6,-81,-8.4,-384.7
5.5,-21.6,-81,-8.4,-382.7
5.4,-21.2,-80,-8.4,-380.8
5.2,-21.2,-80,-8.3,-378.9
5.1,-21.2,-79,-8.3,-377.1
5,-20.8,-78,-8.2,-375.4
4.8,-20.8,-78,-8.2,-373.8
4.7,-20.4,-77,-8.1,-372.1
4.6,-20.4,-76,-8.1,-370.6
4.5,-20.4,-76,-8,-369.1
4.3,-20.4,-75,-8,-367.6
4.2,-20.4,-74,-7.9,-366.2
4.1,-20.4,-74,-7.9,-364.9
3.9,-20.4,-73,-7.8,-363.6
3.8,-20.4,-73,-7.8,-362.4
3.7,-20,-72,-7.7,-361.1
3.6,-20,-71,-7.7,-359.9
3.5,-20,-70,-7.6,-358.8
3.4,-19.6,-69,-7.6,-357.6
3.3,-19.2,-69,-7.5,-356.4
3.1,-19.2,-68,-7.5,-355.3
3,-19.2,-67,-7.4,-354.1
3,-19.2,-67,-7.4,-353
2.9,-19.2,-66,-7.3,-351.9
2.8,-19.2,-66,-7.3,-350.7
2.7,-19.6,-66,-7.2,-349.6
2.6,-19.2,-65,-7.1,-348.4
2.6,-19.2,-65,-7.1,-347.3
2.5,-19.2,-64,-7,-346.2
2.5,-18.8,-63,-7,-345.1
2.4,-18.8,-62,-6.9,-344
2.4,-18.8,-61,-6.8,-342.9
2.3,-18.4,-60,-6.8,-341.8
2.3,-18.4,-59,-6.7,-340.8
2.3,-18,-58,-6.7,-339.7
2.2,-18,-57,-6.6,-338.7
2.2,-18,-56,-6.5,-337.6
2.2,-17.6,-56,-6.5,-336.6
2.2,-17.6,-55,-6.4,-335.5
2.2,-17.6,-54,-6.4,-334.5
2.2,-17.6,-53,-6.3,-333.4
2.2,-17.2,-52,-6.2,-332.3
2.2,-17.2,-51,-6.2,-331.1
2.2,-17.2,-49,-6.1,-329.8
2.2,-16.8,-48,-6,-328.5
2.3,-16.8,-47,-6,-327.1
2.3,-16.4,-46,-5.9,-325.5
2.3,-16.4,-44,-5.8,-323.9
2.4,-16,-43,-5.8,-322.3
2.4,-16,-41,-5.7,-320.6
2.4,-15.6,-39,-5.6,-318.8
2.5,-15.6,-38,-5.6,-316.8
2.5,-15.2,-36,-5.5,-314.6
2.5,-14.8,-34,-5.4,-312.4
2.6,-14.8,-32,-5.4,-310
2.7,-14.4,-30,-5.3,-307.5
2.7,-14,-28,-5.2,-305
2.8,-13.6,-26,-5.1,-302.4
2.8,-13.6,-23,-5.1,-299.8
2.9,-13.2,-21,-5,-297.1
3,-12.8,-19,-4.9,-294.3
3.1,-12.4,-16,-4.9,-291.6
3.2,-12.4,-14,-4.8,-288.7
3.3,-12,-11,-4.7,-285.9
3.3,-11.2,-8,-4.6,-283.2
3.4,-11.2,-5,-4.6,-280.4
3.5,-10.8,-2,-4.5,-277.7
3.6,-10.4,1,-4.4,-275.1
3.7,-9.6,4,-4.3,-272.6
3.8,-9.2,7,-4.3,-270.5
3.9,-8.8,11,-4.2,-268.6
4,-8.4,14,-4.1,-267
4,-8,18,-4,-265.4
4.1,-7.2,21,-4,-263.9
4.2,-6.8,25,-3.9,-262.4
4.3,-6.4,29,-3.8,-261
4.5,-6,32,-3.7,-259.7
4.6,-5.2,36,-3.7,-258.5
4.7,-4.8,40,-3.6,-257.4
4.8,-4.4,44,-3.5,-256.4
4.9,-3.6,48,-3.4,-255.4
5,-3.2,52,-3.4,-254.6
5.2,-2.8,56,-3.3,-253.8
5.3,-2,60,-3.2,-253
5.4,-1.6,64,-3.1,-252.2
5.6,-1.2,67,-3,-251.4
5.7,-0.4,71,-3,-250.5
5.8,0,75,-2.9,-249.6
5.9,0.8,79,-2.8,-248.6
6.1,1.2,83,-2.7,-247.6
6.2,1.6,86,-2.6,-246.4
6.3,2,90,-2.6,-245.2
6.5,2.4,93,-2.5,-244
6.6,2.8,96,-2.4,-242.7
6.8,3.6,99,-2.3,-241.4
6.9,4,102,-2.2,-240.1
7,4,105,-2.2,-238.9
7.1,4.4,108,-2.1,-237.8
7.3,4.8,110,-2,-236.7
7.4,5.2,112,-1.9,-235.7
7.5,5.6,115,-1.8,-235
7.7,6,117,-1.8,-234.6
7.8,6,119,-1.7,-234.5
7.9,6.4,120,-1.6,-234.6
8,6.4,122,-1.5,-235
8.1,6.8,123,-1.4,-235.6
8.3,6.8,124,-1.4,-236.6
8.4,6.8,125,-1.3,-237.8
8.5,7.2,125,-1.2,-239.2
8.6,7.2,125,-1.1,-241
8.7,7.2,125,-1,-242.9
8.8,6.8,125,-0.9,-245.1
8.9,6.8,124,-0.9,-247.4
9,6.8,123,-0.8,-249.7
9.1,6.4,122,-0.7,-252.1
9.2,6.4,121,-0.6,-254.6
9.3,6,119,-0.5,-257
9.3,6,117,-0.5,-259.4
9.4,5.6,116,-0.4,-261.7
9.5,5.2,113,-0.3,-263.7
9.5,5.2,111,-0.2,-265.7
9.6,4.8,109,-0.1,-267.6
9.7,4.4,106,-0,-269.4
9.8,4,103,0,-271.3
9.9,3.6,100,0.1,-273
9.9,3.2,96,0.2,-274.7
10,2.4,92,0.3,-276.2
10.1,2,88,0.4,-277.5
10.1,1.2,84,0.5,-278.7
10.1,0.8,80,0.5,-279.6
10.2,0,76,0.6,-280.4
10.2,-0.4,71,0.7,-281
10.2,-1.2,67,0.8,-281.6
10.3,-1.6,62,0.9,-282
10.3,-2.4,57,1,-282.4
10.3,-3.2,52,1,-282.6
10.4,-4,47,1.1,-282.9
10.4,-4.4,42,1.2,-283
10.4,-5.2,37,1.3,-283.1
10.4,-6,32,1.4,-283.2
10.5,-6.8,26,1.4,-283.3
10.5,-7.2,21,1.5,-283.4
10.5,-8,16,1.6,-283.4
10.5,-8.8,10,1.7,-283.4
10.5,-9.6,5,1.8,-283.5
10.5,-10.4,-1,1.9,-283.6
10.5,-11.2,-7,1.9,-283.6
10.5,-12,-12,2,-283.6
10.5,-12.8,-18,2.1,-283.6
10.5,-13.6,-23,2.2,-283.5
10.5,-14.4,-29,2.3,-283.4
10.5,-14.8,-34,2.3,-283.2
10.4,-15.6,-39,2.4,-282.9
10.4,-16.4,-44,2.5,-282.6
10.4,-17.2,-48,2.6,-282.1
10.3,-18,-53,2.7,-281.4
10.3,-18.4,-57,2.7,-280.5
10.2,-18.8,-61,2.8,-279.4
10.2,-19.2,-64,2.9,-278.1
10.1,-19.6,-68,3,-276.4
10.1,-20,-71,3.1,-274.4
10,-20.4,-74,3.1,-272
10,-21.2,-77,3.2,-269.2
9.9,-21.2,-80,3.3,-266
9.8,-21.6,-82,3.4,-262.4
9.8,-22,-84,3.4,-258.2
9.7,-22.4,-86,3.5,-253.6
9.7,-22.4,-87,3.6,-248.5
9.6,-22.8,-89,3.7,-242.8
9.6,-22.8,-89,3.7,-236.6
9.5,-22.8,-90,3.8,-230
9.4,-22.8,-90,3.9,-222.9
9.4,-22.8,-90,4,-215.3
9.3,-22.8,-90,4,-207.4
9.2,-22.4,-89,4.1,-199
9.2,-22.4,-88,4.2,-190.3
9.1,-22.4,-87,4.3,-181.2
9,-22,-85,4.3,-171.7
9,-22,-83,4.4,-161.9
8.9,-21.6,-81,4.5,-151.9
8.8,-21.2,-78,4.6,-141.7
8.8,-20.8,-75,4.6,-131.4
8.7,-20.4,-72,4.7,-121
8.7,-20,-68,4.8,-110.5
8.6,-19.6,-64,4.9,-100.2
8.5,-18.8,-60,4.9,-89.9
8.5,-18,-55,5,-79.8
8.4,-17.2,-50,5.1,-70
8.4,-16.4,-44,5.1,-60.6
8.3,-15.6,-39,5.2,-51.7
8.3,-14.8,-33,5.3,-43.3
8.2,-14,-27,5.4,-35.5
8.2,-13.2,-21,5.4,-28.3
8.2,-12.4,-15,5.5,-21.8
8.1,-11.2,-8,5.6,-16.1
8.1,-10.4,-2,5.6,-11.2
8.1,-9.6,4,5.7,-7.1
8.1,-8.8,11,5.8,-4.1
8.1,-8,17,5.8,-1.9
8.1,-7.2,24,5.9,-0.8
8.1,-6,30,6,-0.7
8.1,-5.2,37,6,-1.6
8.1,-4.4,43,6.1,-3.7
8.1,-3.2,49,6.2,-6.8
8.1,-2.4,55,6.2,-11
8.1,-1.6,62,6.3,-16.3
8.2,-0.8,67,6.4,-22.8
8.2,-0,73,6.4,-30.4
8.2,0.4,79,6.5,-39
8.3,1.2,84,6.6,-48.6
8.3,2,89,6.6,-59.1
8.3,2.8,94,6.7,-70.4
8.4,3.6,99,6.7,-82.4
8.4,4.4,103,6.8,-95.1
8.5,4.8,107,6.9,-108.3
8.5,5.2,111,6.9,-122
8.6,5.6,114,7,-135.9
8.6,6,117,7,-150.1
8.7,6.4,119,7.1,-164.4
8.7,6.8,122,7.2,-178.8
8.8,6.8,123,7.2,-193.1
8.8,7.2,125,7.3,-207.3
8.9,7.2,126,7.3,-221.3
8.9,7.2,126,7.4,-235
8.9,7.2,126,7.4,-248.3
9,7.2,126,7.5,-261.2
9,7.2,126,7.5,-273.6
9,7.2,125,7.6,-285.4
9,7.2,124,7.7,-296.7
9,6.8,122,7.7,-307.3
9,6.4,120,7.8,-317.1
9,6,118,7.8,-326.1
9,5.6,115,7.9,-334.3
9,5.2,113,7.9,-341.6
9,4.8,109,8,-347.9
9,4.4,106,8,-353.3
9,4,103,8.1,-357.6
8.9,3.2,99,8.1,-360.9
8.9,2.8,95,8.1,-363
8.8,2.4,92,8.2,-364.1
8.8,1.6,88,8.2,-364
8.7,1.2,84,8.3,-363
8.7,0.4,80,8.3,-360.9
8.6,0,76,8.4,-357.9
8.6,-0.4,72,8.4,-353.9
8.5,-1.2,68,8.5,-348.9
8.4,-1.6,64,8.5,-343.1
8.3,-2,60,8.5,-336.5
8.2,-2.8,56,8.6,-329
8.1,-3.2,52,8.6,-320.9
8,-3.6,49,8.7,-312.2
7.9,-4.4,45,8.7,-303.1
7.8,-4.8,42,8.7,-293.6
7.7,-5.2,39,8.8,-283.7
7.5,-5.6,36,8.8,-273.5
7.4,-6,33,8.9,-263
7.2,-6.4,31,8.9,-252.2
7.1,-6.4,29,8.9,-241.2
6.9,-6.8,27,9,-230.1
6.8,-7.2,25,9,-218.8
6.6,-7.2,24,9,-207.3
6.4,-7.6,23,9.1,-195.8
6.2,-7.6,22,9.1,-184.2
6,-7.6,21,9.2,-172.6
5.8,-7.6,21,9.2,-160.9
5.6,-7.6,20,9.2,-149.3
5.4,-7.6,20,9.3,-137.7
5.2,-7.6,20,9.3,-126.2
5,-7.6,21,9.3,-114.9
4.8,-7.6,21,9.4,-103.8
4.6,-7.6,22,9.4,-93
4.4,-7.6,23,9.4,-82.5
4.2,-7.2,25,9.4,-72.4
3.9,-6.8,26,9.5,-62.9
3.7,-6.8,28,9.5,-54
3.5,-6.4,30,9.5,-45.7
3.2,-6,33,9.6,-38.2
3,-5.6,36,9.6,-31.5
2.8,-5.2,39,9.6,-25.5
2.6,-4.8,42,9.6,-20.3
2.4,-4.4,46,9.7,-15.9
2.2,-3.6,49,9.7,-12.3
2,-3.2,53,9.7,-9.4
1.9,-2.4,58,9.7,-7.3
1.7,-2,62,9.8,-5.8
1.5,-1.2,66,9.8,-5
1.3,-0.8,71,9.8,-4.8
1.1,0,76,9.8,-5
0.9,0.8,81,9.8,-5.8
0.7,1.2,86,9.9,-6.9
0.6,2,90,9.9,-8.3
0.4,2.8,96,9.9,-10
0.3,3.6,101,9.9,-12
0.1,4,106,9.9,-14.1
-0,4.8,111,9.9,-16.3
-0.2,5.6,116,9.9,-18.7
-0.3,6.4,121,9.9,-21.1
-0.4,6.8,126,9.9,-23.6
-0.5,7.6,131,9.9,-26.2
-0.6,8.4,136,10,-28.8
-0.7,8.8,140,10,-31.2
-0.8,9.6,145,10,-33.7
-0.9,10.4,150,10,-36.1
-1,10.8,154,10,-38.6
-1,11.6,159,10,-41
-1.1,12,163,10,-43.6
-1.2,12.4,167,10,-46.1
-1.2,13.2,171,10,-48.8
-1.3,13.6,175,10,-51.5
-1.3,14.4,179,10,-54.3
-1.3,14.8,183,10,-57.2
-1.3,15.2,187,10,-60.1
-1.3,15.6,190,10,-63.2
-1.3,16.4,194,10,-66.3
-1.3,16.8,197,10,-69.5
-1.3,17.2,201,10,-72.9
-1.3,17.6,204,10,-76.3
-1.3,18,207,10,-79.8
-1.3,18.4,210,10,-83.3
-1.2,18.8,213,10,-86.9
-1.2,19.2,216,10,-90.5
-1.2,19.6,219,10,-94.1
-1.1,20,221,10,-97.7
-1.1,20.4,224,10,-101.3
-1,20.8,226,9.9,-104.8
-0.9,20.8,228,9.9,-108.2
-0.9,21.2,230,9.9,-111.4
-0.8,21.6,232,9.9,-114.5
-0.7,21.6,234,9.9,-117.3
-0.6,22,235,9.9,-120
-0.6,22,237,9.9,-122.4
-0.5,22.4,238,9.9,-124.6
-0.4,22.4,239,9.9,-126.5
-0.3,22.4,240,9.8,-128.1
-0.2,22.8,241,9.8,-129.5
-0.1,22.8,242,9.8,-130.6
-0,22.8,243,9.8,-131.4
0.1,22.8,244,9.8,-131.9
0.2,22.8,245,9.7,-132.1
0.3,23.2,245,9.7,-132
0.4,23.2,246,9.7,-131.7
0.5,23.2,247,9.7,-131.2
0.6,23.6,248,9.7,-130.5
0.7,23.6,249,9.6,-129.7
0.8,23.6,249,9.6,-128.8
0.9,24,250,9.6,-127.8
1,24,251,9.5,-126.9
1.1,24,251,9.5,-126
1.2,24,252,9.5,-125.3
1.3,24,252,9.5,-124.7
1.4,24,252,9.4,-124.3
1.6,24.4,253,9.4,-124.3
1.7,24.4,253,9.4,-124.5
1.8,24,253,9.3,-125
1.9,24,253,9.3,-125.9
2.1,24.4,254,9.3,-127.2
2.2,24.4,254,9.2,-128.8
2.3,24.4,254,9.2,-130.8
2.4,24.4,254,9.2,-133.2
2.5,24.4,253,9.1,-135.9
2.7,24.4,253,9.1,-138.9
2.8,24,253,9.1,-142.1
2.9,24,253,9,-145.6
3,24,252,9,-149.2
3.1,24,252,9,-153
3.2,24,251,8.9,-156.9
3.3,24,251,8.9,-160.8
3.4,24,250,8.8,-164.8
3.5,23.6,250,8.8,-168.8
3.6,23.6,249,8.8,-172.8
3.8,23.6,249,8.7,-176.7
3.9,23.6,248,8.7,-180.6
4,23.6,247,8.7,-184.4
4.1,23.2,246,8.6,-188.2
4.2,23.2,245,8.6,-191.9
4.3,23.2,244,8.5,-195.6
4.4,22.8,243,8.5,-199.2
4.5,22.4,241,8.4,-202.8
4.7,22.4,240,8.4,-206.4
4.7,22.4,239,8.4,-209.9
4.8,22,237,8.3,-213.5
4.9,22,235,8.3,-217
5,21.6,234,8.2,-220.5
5.1,21.6,232,8.2,-223.9
5.1,21.2,230,8.1,-227.3
5.2,20.8,227,8.1,-230.6
5.3,20.4,225,8,-233.9
5.4,20,222,8,-237.2
5.5,19.6,220,7.9,-240.5
5.5,19.2,217,7.9,-243.7
5.6,18.8,214,7.8,-246.8
5.7,18.8,212,7.8,-249.8
5.8,18.4,209,7.7,-252.8
5.8,18,205,7.7,-255.7
5.9,17.2,202,7.6,-258.6
6,16.8,199,7.6,-261.3
6,16.4,196,7.5,-263.9
6.1,16,192,7.5,-266.4
6.1,15.6,189,7.4,-268.8
6.2,14.8,185,7.4,-271
6.2,14.4,181,7.3,-273.1
6.3,14,177,7.3,-275.1
6.4,13.2,174,7.2,-277
6.4,12.8,170,7.1,-278.7
6.5,12.4,166,7.1,-280.3
6.5,11.6,162,7,-281.7
6.6,11.2,158,7,-282.9
6.6,10.8,155,6.9,-283.9
6.7,10.4,151,6.8,-284.7
6.7,9.6,147,6.8,-285.3
6.8,9.2,144,6.7,-285.7
6.9,8.8,140,6.7,-286
6.9,8.4,137,6.6,-286.1
7,8,133,6.5,-285.9
7.1,7.2,130,6.5,-285.6
7.1,6.8,127,6.4,-285
7.2,6.4,124,6.4,-284.2
7.3,6,120,6.3,-283.2
7.3,5.6,117,6.2,-282
7.4,5.2,115,6.2,-280.7
7.4,4.8,112,6.1,-279.1
7.5,4.4,109,6,-277.3
7.5,4,107,6,-275.4
7.6,4,105,5.9,-273.3
7.6,3.6,102,5.8,-271
7.6,3.2,100,5.8,-268.7
7.7,3.2,98,5.7,-266.3
7.7,2.8,96,5.6,-263.9
7.8,2.4,94,5.6,-261.4
7.8,2.4,92,5.5,-258.9
7.8,2,90,5.4,-256.5
7.8,1.6,88,5.4,-254.1
7.9,1.2,86,5.3,-251.7
7.9,1.2,84,5.2,-249.4
7.9,0.8,83,5.1,-247.3
7.9,0.8,81,5.1,-245.2
7.9,0.4,80,5,-243.2
7.9,0.4,79,4.9,-241.4
8,0,78,4.9,-239.7
8,-0,77,4.8,-238.1
8,-0,76,4.7,-236.7
8,-0.4,75,4.6,-235.4
8,-0,74,4.6,-234.2
8.1,-0.4,74,4.5,-233.3
8.1,-0.4,74,4.4,-232.5
8.1,-0.4,73,4.3,-231.9
8.2,-0.4,73,4.3,-231.4
8.2,-0.4,73,4.2,-231.1
8.2,-0.4,73,4.1,-231
8.2,-0.4,74,4,-231
8.1,-0.4,74,4,-231.2
8.2,-0,74,3.9,-231.5
8.1,-0,75,3.8,-231.9
8.1,0,75,3.7,-232.5
8.1,0,75,3.7,-233.2
8.1,0,76,3.6,-234
8.1,0,76,3.5,-234.8
8.1,0,77,3.4,-235.7
8,0.4,77,3.3,-236.7
8,0.4,78,3.3,-237.6
8,0.4,78,3.2,-238.6
8,0.4,79,3.1,-239.5
8,0.4,79,3,-240.3
7.9,0.4,80,2.9,-241.2
7.9,0.8,80,2.9,-241.9
7.9,0.8,81,2.8,-242.6
7.9,0.8,82,2.7,-243.2
7.8,0.8,82,2.6,-243.8
7.8,1.2,83,2.5,-244.2
7.8,1.2,83,2.5,-244.6
7.7,1.2,84,2.4,-244.9
7.7,1.2,84,2.3,-245.1
7.7,1.2,85,2.2,-245.2
7.6,1.2,85,2.1,-245.3
7.6,1.6,86,2.1,-245.3
7.5,1.6,86,2,-245.3
7.5,1.6,86,1.9,-245.3
7.4,1.6,87,1.8,-245.3
7.4,1.6,87,1.7,-245.3
7.3,1.6,87,1.7,-245.4
7.3,1.6,87,1.6,-245.4
7.2,1.6,87,1.5,-245.6
7.2,1.6,87,1.4,-245.7
7.1,1.6,87,1.3,-245.9
7.1,1.6,87,1.2,-246.2
7,1.6,87,1.2,-246.5
7,1.6,87,1.1,-246.9
6.9,1.6,87,1,-247.4
6.8,1.6,87,0.9,-247.9
6.8,1.6,87,0.8,-248.4
6.7,1.6,87,0.8,-248.9
6.7,1.6,87,0.7,-249.5
6.6,1.6,87,0.6,-250
6.5,1.6,87,0.5,-250.6
6.4,1.6,87,0.4,-251.2
6.4,1.6,87,0.4,-251.9
6.3,1.6,87,0.3,-252.5
6.2,1.6,86,0.2,-253
6.2,1.6,86,0.1,-253.6
6.1,1.6,86,0,-254.1
6,1.2,85,-0.1,-254.6
6,1.2,85,-0.1,-255
5.9,1.2,84,-0.2,-255.4
5.8,1.2,84,-0.3,-255.8
5.7,1.2,83,-0.4,-256.1
5.6,1.2,83,-0.5,-256.3
5.5,0.8,82,-0.5,-256.5
5.5,0.8,81,-0.6,-256.7
5.4,0.8,81,-0.7,-256.7
5.3,0.8,80,-0.8,-256.7
5.2,0.4,79,-0.9,-256.6
5.1,0.4,79,-1,-256.4
5,0.4,78,-1,-256.2
4.9,0.4,78,-1.1,-255.9
4.8,0,77,-1.2,-255.5
4.7,0,77,-1.3,-255
4.6,0,76,-1.4,-254.5
4.6,-0,76,-1.5,-254
4.5,-0,75,-1.5,-253.4
4.4,-0,75,-1.6,-252.8
4.3,-0,74,-1.7,-252.1
4.2,-0,74,-1.8,-251.5
4.1,-0.4,74,-1.9,-250.9
4,-0.4,73,-1.9,-250.2
3.9,-0.4,73,-2,-249.6
3.8,-0.4,72,-2.1,-249
3.7,-0.4,72,-2.2,-248.5
3.6,-0.4,71,-2.3,-248
3.5,-0.8,71,-2.4,-247.5
3.4,-0.8,70,-2.4,-247.1
3.4,-0.8,70,-2.5,-246.7
3.3,-0.8,69,-2.6,-246.4
3.2,-0.8,69,-2.7,-246.2
3.1,-0.8,68,-2.8,-245.9
3,-1.2,68,-2.8,-245.7
2.9,-1.2,68,-2.9,-245.6
2.8,-1.2,67,-3,-245.4
2.7,-1.2,67,-3.1,-245.3
2.6,-1.2,67,-3.2,-245.3
2.5,-1.2,67,-3.2,-245.3
2.4,-1.2,67,-3.3,-245.3
2.3,-1.2,67,-3.4,-245.3
2.2,-1.2,67,-3.5,-245.3
2.1,-1.2,67,-3.5,-245.4
2,-1.2,67,-3.6,-245.4
1.9,-1.2,67,-3.7,-245.4
1.8,-1.2,67,-3.8,-245.4
1.7,-1.2,67,-3.9,-245.5
1.6,-1.2,67,-3.9,-245.5
1.5,-1.2,68,-4,-245.6
1.4,-1.2,68,-4.1,-245.7
1.3,-0.8,68,-4.2,-245.7
1.2,-0.8,69,-4.2,-245.7
1.1,-0.8,69,-4.3,-245.8
1,-0.8,69,-4.4,-245.8
0.8,-0.8,70,-4.5,-245.8
0.7,-0.8,70,-4.5,-245.8
0.6,-0.8,70,-4.6,-245.8
0.5,-0.8,71,-4.7,-245.7
0.4,-0.4,71,-4.8,-245.7
0.2,-0.4,71,-4.8,-245.7
0.1,-0.4,72,-4.9,-245.6
0,-0.4,72,-5,-245.5
-0.1,-0.4,73,-5,-245.4
-0.3,-0.4,73,-5.1,-245.3
-0.4,-0.4,74,-5.2,-245.1
-0.5,-0.4,74,-5.3,-244.9
-0.6,-0,75,-5.3,-244.7
-0.8,-0,76,-5.4,-244.4
-0.9,0,77,-5.5,-244.1
-1,0.4,77,-5.5,-243.7
-1.2,0.4,78,-5.6,-243.3
-1.3,0.4,79,-5.7,-242.8
-1.5,0.8,80,-5.7,-242.4
-1.6,0.8,81,-5.8,-241.8
-1.8,0.8,82,-5.9,-241.3
-1.9,1.2,83,-6,-240.7
-2.1,1.2,84,-6,-240.1
-2.3,1.2,85,-6.1,-239.5
-2.4,1.2,85,-6.1,-239
-2.6,1.6,86,-6.2,-238.4
-2.7,1.6,87,-6.3,-237.9
-2.9,1.6,88,-6.3,-237.4
-3.1,2,89,-6.4,-237
-3.3,2,90,-6.5,-236.6
-3.4,2,91,-6.5,-236.3
-3.6,2.4,93,-6.6,-236
-3.8,2.4,94,-6.7,-235.9
-3.9,2.8,95,-6.7,-235.8
-4.1,2.8,96,-6.8,-235.8
-4.3,2.8,97,-6.8,-235.9
-4.5,3.2,98,-6.9,-236.1
-4.7,3.2,100,-7,-236.4
-4.8,3.6,101,-7,-236.7
-5,3.6,102,-7.1,-237.1
-5.2,4,103,-7.1,-237.6
-5.4,4,105,-7.2,-238.1
-5.6,4,106,-7.2,-238.7
-5.7,4.4,107,-7.3,-239.3
-5.9,4.4,108,-7.4,-240
-6,4.8,109,-7.4,-240.7
-6.2,4.8,110,-7.5,-241.4
-6.4,4.8,110,-7.5,-242.1
-6.5,4.8,111,-7.6,-242.9
-6.7,5.2,112,-7.6,-243.6
-6.8,5.2,113,-7.7,-244.4
-7,5.2,113,-7.7,-245.2
-7.1,5.2,114,-7.8,-245.9
-7.3,5.2,114,-7.8,-246.7
-7.4,5.2,115,-7.9,-247.5
-7.6,5.6,115,-7.9,-248.4
-7.8,5.6,116,-8,-249.3
-7.9,5.6,116,-8,-250.2
-8.1,5.6,117,-8.1,-251.2
-8.2,6,117,-8.1,-252.2
-8.3,6,117,-8.2,-253.4
-8.4,5.6,117,-8.2,-254.5
-8.6,6,117,-8.3,-255.8
-8.7,5.6,117,-8.3,-257
-8.8,5.6,117,-8.4,-258.4
-8.9,5.6,117,-8.4,-259.7
-9,5.6,117,-8.4,-261.2
-9.1,5.6,117,-8.5,-262.6
-9.1,5.6,116,-8.5,-264
-9.2,5.6,116,-8.6,-265.5
-9.3,5.6,116,-8.6,-267
-9.4,5.6,115,-8.7,-268.5
-9.4,5.6,115,-8.7,-269.9
-9.4,5.2,114,-8.7,-271.3
-9.5,5.2,113,-8.8,-272.7
-9.5,5.2,112,-8.8,-274
-9.5,4.8,111,-8.8,-275.2
-9.5,4.8,110,-8.9,-276.3
-9.5,4.8,109,-8.9,-277.4
-9.5,4.4,108,-9,-278.4
-9.5,4.4,107,-9,-279.4
-9.5,4,105,-9,-280.3
-9.5,4,104,-9.1,-281.1
-9.4,3.6,103,-9.1,-281.8
-9.4,3.6,101,-9.1,-282.5
-9.3,3.6,100,-9.2,-283.1
-9.3,3.2,98,-9.2,-283.7
-9.2,2.8,97,-9.2,-284.2
-9.1,2.8,95,-9.3,-284.6
-9,2.4,94,-9.3,-285
-8.9,2.4,92,-9.3,-285.4
-8.8,2,91,-9.4,-285.7
-8.7,2,89,-9.4,-286
-8.6,1.6,88,-9.4,-286.2
-8.4,1.6,86,-9.5,-286.4
-8.3,1.2,85,-9.5,-286.5
-8.1,1.2,83,-9.5,-286.6
-8,0.8,81,-9.5,-286.6
-7.8,0.4,79,-9.6,-286.6
-7.6,0.4,78,-9.6,-286.5
-7.5,0,76,-9.6,-286.4
-7.3,-0,74,-9.7,-286.3
-7.1,-0.4,73,-9.7,-286.1
-6.9,-0.8,71,-9.7,-285.8
-6.7,-0.8,69,-9.7,-285.6
-6.5,-1.2,67,-9.7,-285.2
-6.3,-1.2,66,-9.8,-284.9
-6.1,-1.6,64,-9.8,-284.5
-5.9,-1.6,62,-9.8,-284.1
-5.7,-2,61,-9.8,-283.7
-5.4,-2.4,59,-9.8,-283.2
-5.2,-2.4,57,-9.9,-282.8
-5,-2.8,55,-9.9,-282.3
-4.7,-2.8,54,-9.9,-281.7
-4.5,-3.2,52,-9.9,-281.2
-4.3,-3.6,51,-9.9,-280.6
-4,-3.6,49,-9.9,-280
-3.8,-4,47,-9.9,-279.4
-3.6,-4,46,-9.9,-278.7
-3.4,-4.4,45,-9.9,-278
-3.2,-4.4,43,-9.9,-277.3
-2.9,-4.4,42,-10,-276.6
-2.7,-4.8,41,-10,-275.9
-2.5,-4.8,40,-10,-275.1
-2.3,-5.2,39,-10,-274.4
-2.1,-5.2,38,-10,-273.7
-1.8,-5.2,37,-10,-273
-1.6,-5.2,37,-10,-272.3
-1.4,-5.2,36,-10,-271.5
-1.2,-5.6,35,-10,-270.8
-1,-5.6,35,-10,-270.1
-0.8,-5.6,34,-10,-269.3
-0.6,-5.6,33,-10,-268.6
-0.5,-6,33,-10,-267.8
-0.3,-6,32,-10,-267.1
-0.1,-6,32,-10,-266.4
0.1,-6,32,-10,-265.7
0.3,-6,31,-10,-265
0.5,-6,31,-10,-264.2
0.6,-6,31,-10,-263.5
0.8,-6,31,-10,-262.8
0.9,-6,30,-10,-262
1.1,-6.4,30,-10,-261.3
1.2,-6.4,30,-10,-260.5
1.4,-6.4,30,-10,-259.8
1.5,-6,30,-10,-259.1
1.6,-6,30,-9.9,-258.3
1.7,-6.4,31,-9.9,-257.6
1.8,-6,31,-9.9,-256.8
1.9,-6,31,-9.9,-256.1
2,-6,32,-9.9,-255.4
2.1,-6,32,-9.9,-254.6
2.2,-6,32,-9.9,-253.9
2.3,-5.6,33,-9.9,-253.3
2.4,-5.6,34,-9.9,-252.6
2.4,-5.6,34,-9.8,-252
2.5,-5.6,35,-9.8,-251.4
2.5,-5.6,35,-9.8,-250.8
2.6,-5.6,36,-9.8,-250.2
2.7,-5.2,37,-9.8,-249.7
2.7,-5.2,38,-9.7,-249.2
2.7,-4.8,39,-9.7,-248.8
2.8,-4.8,39,-9.7,-248.4
2.8,-4.8,40,-9.7,-248
2.8,-4.8,41,-9.7,-247.6
2.8,-4.4,42,-9.6,-247.3
2.8,-4.4,43,-9.6,-247
2.8,-4.4,44,-9.6,-246.7
2.9,-4,45,-9.5,-246.5
2.9,-4,46,-9.5,-246.2
2.9,-4,47,-9.5,-246
2.9,-3.6,48,-9.5,-245.7
2.9,-3.6,49,-9.4,-245.4
2.9,-3.2,51,-9.4,-245.1
2.8,-3.2,52,-9.4,-244.8
2.8,-3.2,53,-9.3,-244.5
2.8,-2.8,54,-9.3,-244.2
2.8,-2.8,55,-9.3,-243.9
2.7,-2.4,57,-9.2,-243.6
2.7,-2.4,58,-9.2,-243.2
2.7,-2.4,59,-9.2,-242.9
2.7,-2,60,-9.1,-242.5
2.6,-2,61,-9.1,-242.2
2.6,-1.6,63,-9.1,-241.8
2.5,-1.6,64,-9,-241.5
2.5,-1.2,65,-9,-241.1
2.4,-1.2,66,-9,-240.8
2.4,-1.2,67,-8.9,-240.5
2.4,-0.8,69,-8.9,-240.2
2.3,-0.8,70,-8.8,-240
2.3,-0.8,71,-8.8,-239.8
2.2,-0.4,72,-8.8,-239.6
2.2,-0.4,73,-8.7,-239.5
2.1,-0,75,-8.7,-239.5
2.1,0,76,-8.7,-239.5
2,0.4,77,-8.6,-239.5
2,0.4,79,-8.6,-239.6
2,0.8,80,-8.5,-239.8
1.9,0.8,81,-8.5,-240
1.9,0.8,82,-8.4,-240.2
1.9,1.2,84,-8.4,-240.5
1.8,1.2,85,-8.4,-240.8
1.8,1.6,86,-8.3,-241.1
1.8,1.6,87,-8.3,-241.5
1.8,2,89,-8.2,-241.8
1.8,2,90,-8.2,-242.2
1.8,2,91,-8.1,-242.6
1.7,2.4,92,-8.1,-243
1.7,2.4,93,-8,-243.4
1.7,2.4,94,-8,-243.8
1.7,2.8,95,-7.9,-244.1
1.7,2.8,96,-7.9,-244.5
1.7,2.8,97,-7.8,-244.9
1.7,3.2,98,-7.8,-245.2
1.7,3.2,99,-7.7,-245.6
1.7,3.6,100,-7.7,-245.9
1.6,3.6,102,-7.6,-246.3
1.6,3.6,103,-7.6,-246.6
1.6,4,104,-7.5,-247
1.6,4,105,-7.5,-247.3
1.6,4,106,-7.4,-247.7
1.6,4.4,107,-7.4,-248.1
1.6,4.4,108,-7.3,-248.4
1.6,4.4,109,-7.3,-248.9
1.6,4.8,110,-7.2,-249.3
1.6,4.8,111,-7.1,-249.7
1.7,4.8,112,-7.1,-250.2
1.7,5.2,113,-7,-250.7
1.7,5.2,114,-7,-251.2
1.7,5.2,115,-6.9,-251.7
1.7,5.6,116,-6.8,-252.3
1.7,5.6,117,-6.8,-252.8
1.7,6,118,-6.7,-253.4
1.7,6,119,-6.7,-254
1.7,6,120,-6.6,-254.6
1.7,6.4,121,-6.5,-255.2
1.7,6.4,122,-6.5,-255.8
1.7,6.4,123,-6.4,-256.5
1.7,6.4,124,-6.3,-257.1
1.7,6.8,125,-6.3,-257.7
1.7,6.8,125,-6.2,-258.3
1.8,6.8,126,-6.2,-258.9
1.8,7.2,127,-6.1,-259.5
1.8,7.2,128,-6,-260.1
1.8,7.2,129,-6,-260.6
1.8,7.6,130,-5.9,-261.1
1.8,7.6,131,-5.8,-261.6
1.8,7.6,132,-5.8,-262.1
1.8,8,133,-5.7,-262.6
1.8,8,134,-5.6,-263.1
1.8,8,135,-5.5,-263.5
1.8,8.4,137,-5.5,-264
1.8,8.4,138,-5.4,-264.4
1.8,8.8,139,-5.3,-264.8
1.8,8.8,140,-5.3,-265.2
1.8,8.8,141,-5.2,-265.6
1.8,9.2,142,-5.1,-266
1.8,9.2,143,-5.1,-266.4
1.8,9.2,144,-5,-266.9
1.8,9.6,146,-4.9,-267.3
1.8,9.6,147,-4.8,-267.8
1.8,10,148,-4.8,-268.3
1.8,10,149,-4.7,-268.8
1.8,10.4,151,-4.6,-269.4
1.8,10.4,152,-4.5,-270
1.7,10.4,153,-4.5,-270.7
1.7,10.8,154,-4.4,-271.4
1.7,10.8,156,-4.3,-272.1
1.7,11.2,157,-4.3,-272.9
1.7,11.2,158,-4.2,-273.7
1.7,11.6,159,-4.1,-274.6
1.7,11.6,161,-4,-275.5
1.6,11.6,162,-4,-276.4
1.6,12,163,-3.9,-277.4
1.6,12,164,-3.8,-278.4
1.6,12.4,166,-3.8,-279.4
1.6,12.4,167,-3.7,-280.5
1.5,12.8,168,-3.6,-281.6
1.5,12.8,169,-3.6,-282.8
1.5,12.8,171,-3.5,-283.9
1.5,13.2,172,-3.5,-285.1
1.5,13.2,173,-3.4,-286.3
1.4,13.6,175,-3.3,-287.4
1.4,13.6,176,-3.3,-288.6
1.4,14,178,-3.2,-289.7
1.3,14,179,-3.2,-290.9
1.3,14.4,180,-3.1,-292
1.3,14.4,182,-3,-293.1
1.2,14.8,183,-3,-294.3
1.2,14.8,185,-2.9,-295.4
1.2,15.2,186,-2.9,-296.4
1.1,15.2,188,-2.8,-297.5
1.1,15.6,189,-2.8,-298.5
1.1,15.6,191,-2.7,-299.6
1,16,192,-2.7,-300.5
1,16,194,-2.7,-301.5
1,16.4,195,-2.6,-302.4
0.9,16.4,196,-2.6,-303.3
0.9,16.8,198,-2.5,-304.1
0.9,16.8,199,-2.5,-304.9
0.8,17.2,200,-2.5,-305.7
0.8,17.2,201,-2.4,-306.5
0.7,17.6,202,-2.4,-307.2
0.7,17.6,203,-2.4,-307.9
0.7,17.6,203,-2.3,-308.6
0.6,18,204,-2.3,-309.2
